district,year,month,area,NDVI_mean,NDVI_min,NDVI_max,EVI_mean,EVI_min,EVI_max,GNDVI_mean,GNDVI_min,GNDVI_max,SAVI_mean,SAVI_min,SAVI_max,NDMI_mean,NDMI_min,NDMI_max,NDBI_mean,NDBI_min,NDBI_max,NBR_mean,NBR_min,NBR_max,NDWI_mean,NDWI_min,NDWI_max,MSI_mean,MSI_min,MSI_max,SBI_mean,SBI_min,SBI_max,ARVI_mean,ARVI_min,ARVI_max,NDSI_mean,NDSI_min,NDSI_max,NDTI_mean,NDTI_min,NDTI_max,PSRI_mean,PSRI_min,PSRI_max,avg_muand/acer,yield
bahawalnagar,1999,5,597485.6745769472,0.1426132997123421,0.09156030789017675,0.3482115566730499,0.6835787429388223,0.4171102798680833,0.9999745195747136,0.17279441165679188,0.06087850779294965,0.3358986377716064,0.15687414641195485,0.10071602245936001,0.3830315609104026,0.02984446933293855,-0.0958468951284885,0.26329937577247614,-0.02984446933293855,-0.26329937577247614,0.0958468951284885,0.1024087604229947,-0.38586822897195816,0.33461619913578033,0.02984446933293855,-0.0958468951284885,0.26329937577247614,0.9441883690617838,0.5832700431346893,1.2122817635536194,15741.233682248814,9531.5,21455.375,0.1904342076057532,0.119011720465082,0.4750495014695811,-0.1436302035383458,-0.2804458290338516,0.1671080663800239,-0.1024087604229947,-0.33461619913578033,0.38586822897195816,0.0453321033743391,-0.05818129330873485,0.11848662048578255,16.48,542.64
bahawalnagar,1999,6,597485.6745769472,0.1426132997123421,0.09156030789017675,0.3482115566730499,0.6835787429388223,0.4171102798680833,0.9999745195747136,0.17279441165679188,0.06087850779294965,0.3358986377716064,0.15687414641195485,0.10071602245936001,0.3830315609104026,0.02984446933293855,-0.0958468951284885,0.26329937577247614,-0.02984446933293855,-0.26329937577247614,0.0958468951284885,0.1024087604229947,-0.38586822897195816,0.33461619913578033,0.02984446933293855,-0.0958468951284885,0.26329937577247614,0.9441883690617838,0.5832700431346893,1.2122817635536194,15741.233682248814,9531.5,21455.375,0.1904342076057532,0.119011720465082,0.4750495014695811,-0.1436302035383458,-0.2804458290338516,0.1671080663800239,-0.1024087604229947,-0.33461619913578033,0.38586822897195816,0.0453321033743391,-0.05818129330873485,0.11848662048578255,16.48,542.64
bahawalnagar,1999,7,597485.6745769472,0.1341615938799624,0.0915601998567581,0.3553241491317749,0.67360393250312,0.4171103513983074,0.999972845272362,0.1637100146475691,0.0550622940063476,0.3428358435630798,0.1475772905639266,0.1007158965160133,0.390855381763132,0.0256023278276291,-0.105780117213726,0.2740216255187988,-0.0256023278276291,-0.2740216255187988,0.105780117213726,0.0991124346286669,-0.2051783353090286,0.330498605966568,0.0256023278276291,-0.105780117213726,0.2740216255187988,0.9521774207133428,0.5698320269584656,1.236586332321167,15551.88859571096,9329.0,21647.5,0.1806158251824251,0.1188419900255443,0.4469274640533376,-0.1385815860104476,-0.290782481431961,0.171891301870346,-0.0991124346286669,-0.330498605966568,0.2051783353090286,0.0450008538350742,-0.0675262957811355,0.1275015622377395,16.48,542.64
bahawalnagar,1999,8,597485.6745769472,0.1510650055447218,0.0915604159235954,0.3410989642143249,0.6935535533745245,0.4171102083378592,0.9999761938770652,0.1818788086660147,0.0666947215795517,0.328961431980133,0.1661710022599831,0.1007161484027067,0.3752077400576731,0.034086610838248,-0.085913673043251,0.2525771260261535,-0.034086610838248,-0.2525771260261535,0.085913673043251,0.1057050862173225,-0.5665581226348877,0.3387337923049927,0.034086610838248,-0.085913673043251,0.2525771260261535,0.9361993174102248,0.5967080593109131,1.1879771947860718,15930.578768786669,9734.0,21263.25,0.2002525900290813,0.1191814509046197,0.5031715388858246,-0.148678821066244,-0.2701091766357422,0.1623248308897018,-0.1057050862173225,-0.3387337923049927,0.5665581226348877,0.045663352913604,-0.0488362908363342,0.1094716787338256,16.48,542.64
bahawalnagar,1999,9,597485.6745769472,0.1426132997123421,0.09156030789017675,0.3482115566730499,0.6835787429388223,0.4171102798680833,0.9999745195747136,0.17279441165679188,0.06087850779294965,0.3358986377716064,0.15687414641195485,0.10071602245936001,0.3830315609104026,0.02984446933293855,-0.0958468951284885,0.26329937577247614,-0.02984446933293855,-0.26329937577247614,0.0958468951284885,0.1024087604229947,-0.38586822897195816,0.33461619913578033,0.02984446933293855,-0.0958468951284885,0.26329937577247614,0.9441883690617838,0.5832700431346893,1.2122817635536194,15741.233682248814,9531.5,21455.375,0.1904342076057532,0.119011720465082,0.4750495014695811,-0.1436302035383458,-0.2804458290338516,0.1671080663800239,-0.1024087604229947,-0.33461619913578033,0.38586822897195816,0.0453321033743391,-0.05818129330873485,0.11848662048578255,16.48,542.64
bahawalnagar,2000,5,490268.9331207462,0.1119932536263291,0.0841236934065818,0.2337806075811386,0.5384834225887913,0.3845649207515482,0.9999693871303496,0.1522655316105481,0.0819291099905967,0.262680172920227,0.1231921907019048,0.0925357297295333,0.2571579326602574,-0.0096683502017532,-0.614978015422821,0.1913301348686218,0.0096683502017532,-0.1913301348686218,0.614978015422821,0.0554920431706209,-0.614978015422821,0.2440861761569976,-0.0096683502017532,-0.614978015422821,0.1913301348686218,1.0207174429193555,0.6787957549095154,4.1945085525512695,16093.47793323781,10942.0,39772.0,0.1617508031668512,0.1113431185899404,0.2830232456967183,-0.1616376585026935,-0.6931264996528625,0.0789485052227974,-0.0554920431706209,-0.2440861761569976,0.614978015422821,0.0629765600568859,-0.0156810637563467,0.12485072016716,21.4,710.69
bahawalnagar,2000,6,490268.9331207462,0.1044556319795061,0.0841238647699356,0.1992276012897491,0.6390460251254432,0.384574651168948,0.999953512156571,0.1305500696592512,0.0837269499897956,0.2192568182945251,0.1149008402597146,0.0925359868501642,0.2191497519106934,0.0211358307093596,-0.0412509851157665,0.117612600326538,-0.0211358307093596,-0.117612600326538,0.0412509851157665,0.0914257624735782,0.022786907851696,0.1859847158193588,0.0211358307093596,-0.0412509851157665,0.117612600326538,0.959224181980502,0.7895288467407227,1.0860517024993896,15847.990031392545,13182.0,18914.5,0.1456706079776062,0.1119214586255259,0.2412055207171718,-0.1097009162774968,-0.1856969445943832,-0.0083683589473366,-0.0914257624735782,-0.1859847158193588,-0.022786907851696,0.0419124386934635,-0.0029056628700345,0.0858779624104499,21.4,710.69
bahawalnagar,2000,7,490268.9331207462,0.1160791290476345,0.084124282002449,0.221730500459671,0.6513038299941947,0.3845654993514916,0.9999683404039764,0.1457322661546453,0.0750976502895355,0.2499201893806457,0.1276866477974815,0.0925364274650565,0.2439028541763002,0.021930529986891,-0.0678448677062988,0.2092119455337524,-0.021930529986891,-0.2092119455337524,0.0678448677062988,0.0896730288725104,-0.2576712667942047,0.2855896651744842,0.021930529986891,-0.0678448677062988,0.2092119455337524,0.9583827657395052,0.6539697647094727,1.145565629005432,15861.177011659294,10655.5,21007.5,0.1594876067799918,0.1104543634526283,0.2674485336315611,-0.1241459763398777,-0.2302994430065155,0.0970426276326179,-0.0896730288725104,-0.2855896651744842,0.2576712667942047,0.0465735897273201,-0.0309092048555612,0.1121239215135574,21.4,710.69
bahawalnagar,2000,8,490268.9331207462,0.149301227384596,0.0841239243745803,0.3623787760734558,0.6728198045133734,0.3845653446668257,0.9999735036167564,0.1834913156796296,0.0563290864229202,0.4088244438171386,0.1642308457947018,0.0925359967232742,0.3986155475629557,0.0230998999814577,-0.1541867554187774,0.2840169668197632,-0.0230998999814577,-0.2840169668197632,0.1541867554187774,0.1012060248762045,-0.1694848090410232,0.4175973236560821,0.0230998999814577,-0.1541867554187774,0.2840169668197632,0.957721605540456,0.5576118230819702,1.3645881414413452,15954.485222723304,8826.5,23294.0,0.1996551346045058,0.1106594399277326,0.5411947446767199,-0.1610354516061144,-0.3446549773216247,0.1811820715665817,-0.1012060248762045,-0.4175973236560821,0.1694848090410232,0.0505925627797532,-0.0523168891668319,0.1863655596971511,21.4,710.69
bahawalnagar,2000,9,490268.9331207462,0.1476557232245712,0.0841239318251609,0.3473671674728393,0.673915005278851,0.3845658667215985,0.9999705327675624,0.1792240951995238,0.075198046863079,0.3383595943450928,0.1624208020664163,0.0925360338637946,0.3821027570482773,0.0375190385185981,-0.0587823651731014,0.2006863504648208,-0.0375190385185981,-0.2006863504648208,0.0587823651731014,0.1130902212160971,-0.1104769706726074,0.3250138461589813,0.0375190385185981,-0.0587823651731014,0.2006863504648208,0.9293201254987448,0.6657139658927917,1.1249070167541504,15839.620059645831,10605.0,21631.5,0.1973165134519272,0.1116554925219185,0.5313384553174282,-0.1427171540468282,-0.2264844626188278,0.0889088064432144,-0.1130902212160971,-0.3250138461589813,0.1104769706726074,0.0471691302332276,-0.0215299744158983,0.1018984168767929,21.4,710.69
bahawalnagar,2001,5,399587.44771765865,0.1280997250005102,0.1049730703234672,0.2284089624881744,0.6683217780193581,0.446430745999659,0.9999655184303988,0.1556637110293643,0.1024163961410522,0.238436073064804,0.1409092598417114,0.1154700129336936,0.251249151984146,0.0164908861333975,-0.1006002053618431,0.1558519452810287,-0.0164908861333975,-0.1558519452810287,0.1006002053618431,0.0876709423689722,-0.5540484189987183,0.216022789478302,0.0164908861333975,-0.1006002053618431,0.1558519452810287,0.96836824500645,0.7303254008293152,1.223705172538757,15854.2893151007,11281.0,19429.5,0.1731972549958692,0.1345004186707689,0.2760022222872014,-0.1395124659653316,-0.2571631371974945,0.0435520857572555,-0.0876709423689722,-0.216022789478302,0.5540484189987183,0.0424502638841319,-0.0052605737000703,0.0911306589841842,16.16,578.07
bahawalnagar,2001,6,399587.44771765865,0.135676851340226,0.1049765720963478,0.229033350944519,0.7049911252131622,0.4464342820594819,0.9999716279861546,0.1608893742868387,0.0875712856650352,0.2549872100353241,0.1492440915813754,0.1154738651580817,0.2519359718873586,0.0274891602381747,-0.0659542977809906,0.1838950663805008,-0.0274891602381747,-0.1838950663805008,0.0659542977809906,0.1033598028174283,-0.0705769658088684,0.2590400874614715,0.0274891602381747,-0.0659542977809906,0.1838950663805008,0.9472926346910944,0.6893389225006104,1.1412228345870972,16295.50090767018,11379.5,20329.5,0.1803731455618559,0.1346164939335089,0.2762893148363867,-0.1339878881044906,-0.2280816435813903,0.0516939610242843,-0.1033598028174283,-0.2590400874614715,0.0705769658088684,0.0384404537433652,-0.0329527109861373,0.0940656587481498,16.16,578.07
bahawalnagar,2001,7,399587.44771765865,0.13837907901788205,0.1049742276469866,0.2734769682089487,0.6906498195784532,0.446431794841228,0.9999710563503954,0.1666286966138886,0.05242157479127247,0.3026803930600484,0.152216526157143,0.11547129122931793,0.30082379089422157,0.025188522687090233,-0.12104016294082004,0.22369836767514542,-0.025188522687090233,-0.22369836767514542,0.12104016294082004,0.0993308244812382,-0.24405856927235917,0.2933594783147176,0.025188522687090233,-0.12104016294082004,0.22369836767514542,0.9524187505096297,0.6406336824099222,1.2847475210825603,16100.603395549502,10587.833333333334,21116.666666666668,0.18470832247928504,0.134325542051836,0.3505521889281771,-0.1420119787533887,-0.2852630714575449,0.1141565988461176,-0.0993308244812382,-0.2933594783147176,0.24405856927235917,0.042652159007156874,-0.0986468102782964,0.1216046586632728,16.16,578.07
bahawalnagar,2001,8,399587.44771765865,0.1513606607129099,0.1049730405211448,0.3629885911941528,0.6986365555028392,0.4464303564645434,0.9999760226346328,0.1833330045254629,-0.03272295743227,0.4146178960800171,0.1664962270483423,0.1154699955961785,0.3992862488111601,0.0315855216896985,-0.1965659856796264,0.3313480913639068,-0.0315855216896985,-0.3313480913639068,0.1965659856796264,0.1069617282573141,-0.1075503230094909,0.4050155580043793,0.0315855216896985,-0.1965659856796264,0.3313480913639068,0.9415953718313446,0.5022367238998413,1.4893145561218262,16152.019963877632,9103.0,23591.0,0.20055456688013,0.1338597135512302,0.4993650296609432,-0.1525355821903439,-0.37054443359375,0.247223749756813,-0.1069617282573141,-0.4050155580043793,0.1075503230094909,0.0470657593939735,-0.2577271461486816,0.1796176582574844,16.16,578.07
bahawalnagar,2001,9,399587.44771765865,0.13837907901788205,0.1049742276469866,0.2734769682089487,0.6906498195784532,0.446431794841228,0.9999710563503954,0.1666286966138886,0.05242157479127247,0.3026803930600484,0.152216526157143,0.11547129122931793,0.30082379089422157,0.025188522687090233,-0.12104016294082004,0.22369836767514542,-0.025188522687090233,-0.22369836767514542,0.12104016294082004,0.0993308244812382,-0.24405856927235917,0.2933594783147176,0.025188522687090233,-0.12104016294082004,0.22369836767514542,0.9524187505096297,0.6406336824099222,1.2847475210825603,16100.603395549502,10587.833333333334,21116.666666666668,0.18470832247928504,0.134325542051836,0.3505521889281771,-0.1420119787533887,-0.2852630714575449,0.1141565988461176,-0.0993308244812382,-0.2933594783147176,0.24405856927235917,0.042652159007156874,-0.0986468102782964,0.1216046586632728,16.16,578.07
bahawalnagar,2002,5,938179.3006996524,0.1115698196751237,0.0804077014327049,0.2269625514745712,0.5476806756408179,0.37662717566184,0.9999670412972546,0.1494743960150339,0.0840407833456993,0.254861831665039,0.1227264172911365,0.0884481849274068,0.2496580737611293,-0.0008516835584665157,-0.210953801870346,0.1252931952476501,0.0008516835584665157,-0.1252931952476501,0.210953801870346,0.0555254061751468,-0.5975574254989624,0.2115029692649841,-0.0008516835584665157,-0.210953801870346,0.1252931952476501,1.0026471571756363,0.7773146033287048,1.5347057580947876,16046.2836504263,11179.0,21202.75,0.1603611779517461,0.107897384305835,0.2728839642967067,-0.1503044071459718,-0.3493570685386657,0.0069585880264639,-0.0555254061751468,-0.2115029692649841,0.5975574254989624,0.0595835136430239,0.0004204709257464856,0.1128429844975471,15.05,595.8
bahawalnagar,2002,6,938179.3006996524,0.12717166339548797,0.08047487214207645,0.25929553061723704,0.6120700918796862,0.3766277592350308,0.999971691817484,0.16283909914349387,0.08761295489966864,0.2773913703858852,0.13988841506148741,0.08852209688270707,0.2852242434663468,0.024516305812067273,-0.0989402355626225,0.1710655204951763,-0.024516305812067273,-0.1710655204951763,0.0989402355626225,0.09016559689290368,-0.2505596475675702,0.2628464363515377,0.024516305812067273,-0.0989402355626225,0.1710655204951763,0.9539144405903454,0.7093016058206558,1.2325854003429413,16441.925431096206,11658.375,21593.0625,0.17573308759464273,0.11249721169138763,0.3348454616225325,-0.13891458522101086,-0.25051245093345637,0.04828319861553605,-0.09016559689290368,-0.2628464363515377,0.2505596475675702,0.0547642472478223,-0.008242649208114003,0.10763169080018994,15.05,595.8
bahawalnagar,2002,7,938179.3006996524,0.1149031758739909,0.0804077014327049,0.231843814253807,0.5895090933742954,0.3766267754752445,0.9999744219357478,0.1457916581064879,0.0783306285738945,0.2491208761930465,0.1263931214704572,0.0884481849274068,0.2550274667865148,0.0263090264200661,-0.0624500699341297,0.1814208328723907,-0.0263090264200661,-0.1814208328723907,0.0624500699341297,0.0878065175941263,-0.1729938685894012,0.2482309192419052,0.0263090264200661,-0.0624500699341297,0.1814208328723907,0.9500427602043608,0.6928768754005432,1.1332197189331057,16548.706009504393,12045.5,20738.0,0.1615744651096267,0.1075742911424167,0.2782604821102348,-0.1199250891350603,-0.2177844792604446,0.0589823387563228,-0.0878065175941263,-0.2482309192419052,0.1729938685894012,0.0486677221411187,-0.0193620454519987,0.098492830991745,15.05,595.8
bahawalnagar,2002,8,938179.3006996524,0.1427337822865334,0.0806760042905807,0.2330562770366668,0.6478367457435515,0.3766298480192675,0.9999705240818252,0.1851574350859366,0.1203935742378234,0.2727030217647552,0.1570067086048396,0.0887433749977389,0.2563611971852592,0.0394678124335438,-0.0421282723546028,0.1583602279424667,-0.0394678124335438,-0.1583602279424667,0.0421282723546028,0.1167153521025147,-0.0249011851847171,0.2470039427280426,0.0394678124335438,-0.0421282723546028,0.1583602279424667,0.9255029286701564,0.7265785932540894,1.08796226978302,16700.124350675807,13692.5,21445.0,0.1930683570137619,0.1269415896968908,0.2827065446679296,-0.1468044355636376,-0.2069167643785476,0.0057578645646572,-0.1167153521025147,-0.2470039427280426,0.0249011851847171,0.0631895521749175,0.0192698277533054,0.1104643195867538,15.05,595.8
bahawalnagar,2002,9,938179.3006996524,0.1394798757463038,0.0804080814123153,0.3453194797039032,0.6632538527600801,0.3766272377837711,0.9999747799551084,0.1709329073665171,0.0676868334412574,0.3328797519207001,0.1534274128795164,0.0884486426782758,0.379850236132484,0.0331400679531257,-0.0802287980914115,0.2191878259181976,-0.0331400679531257,-0.2191878259181976,0.0802287980914115,0.1006151116998269,-0.2067861109972,0.3446479141712188,0.0331400679531257,-0.0802287980914115,0.2191878259181976,0.9374649163112276,0.6404363512992859,1.174453854560852,16472.58771377832,9716.5,22986.5,0.1879283503034363,0.107575581620408,0.5055308554152588,-0.1386244090393737,-0.2279914915561676,0.1214340031147003,-0.1006151116998269,-0.3446479141712188,0.2067861109972,0.0476162010322291,-0.0332988500595092,0.1087266281247139,15.05,595.8
bahawalnagar,2003,5,324408.7113347104,0.1071806350556825,0.0804155990481376,0.225810170173645,0.535629327639757,0.3618131941300237,0.9999670412972546,0.1516810289511445,0.0780147314071655,0.2651501893997192,0.1178983262922124,0.08845684437502,0.2483904728679712,-0.00917676379002,-0.2592051923274994,0.2141223698854446,0.00917676379002,-0.2141223698854446,0.2592051923274994,0.0436881983938217,-0.608793318271637,0.2077786028385162,-0.00917676379002,-0.2592051923274994,0.2141223698854446,1.01982371120591,0.6472803950309753,1.6998029947280884,16053.494212665442,10696.0,22118.5,0.1555471655414002,0.1074542656864421,0.2731819066584814,-0.1606198447218428,-0.3986891806125641,0.0875739157199859,-0.0436881983938217,-0.2077786028385162,0.608793318271637,0.0700102759392064,-0.022442290559411,0.132802128791809,16.95,544.45
bahawalnagar,2003,6,324408.7113347104,0.12665291936543832,0.0804159697145223,0.2489127293229103,0.6337042625463488,0.3618132010305676,0.9999724663443279,0.16188073948621626,0.07030673138797278,0.28807189315557474,0.1393177983079063,0.08845729415931912,0.273803216933858,0.008758033022131625,-0.15135647356510157,0.25371596217155457,-0.008758033022131625,-0.25371596217155457,0.15135647356510157,0.07546449650483107,-0.3769339844584465,0.3141749575734138,0.008758033022131625,-0.15135647356510157,0.25371596217155457,0.9850688562490476,0.5961036533117294,1.3709972500801086,16782.086687336814,10195.0,24123.625,0.17426683010057192,0.10671604862481965,0.303638633286999,-0.15333991523918966,-0.30320409685373306,0.14270580187439916,-0.07546449650483107,-0.3141749575734138,0.3769339844584465,0.054251091875846855,-0.04002512095030392,0.13588441722095007,16.95,544.45
bahawalnagar,2003,7,324408.7113347104,0.1153423889880403,0.080415740609169,0.2260273993015289,0.7089659591985843,0.361813528679768,0.999971099101182,0.1445720613513446,0.0797795355319976,0.2426883280277252,0.126876260204308,0.0884570643126938,0.2486295331061568,-0.0072847013682686,-0.1131066754460334,0.2955988049507141,0.0072847013682686,-0.2955988049507141,0.1131066754460334,0.0713508887821732,-0.1753684282302856,0.3872548937797546,-0.0072847013682686,-0.1131066754460334,0.2955988049507141,1.0167216683948923,0.5436877608299255,1.2550625801086426,17501.28039446969,11011.5,27763.5,0.1559245527023589,0.1064435543522253,0.271374060221391,-0.1516029077595846,-0.2662766575813293,0.1827957034111023,-0.0713508887821732,-0.3872548937797546,0.1753684282302856,0.0459765116187627,-0.0074054482392966,0.1044154688715934,16.95,544.45
bahawalnagar,2003,8,324408.7113347104,0.1455118152415229,0.0804162696003913,0.2759103775024414,0.6700524733356427,0.3618133469328282,0.9999761057083464,0.1765496879131989,0.0618639849126338,0.3258932530879974,0.1600625335866244,0.0884576381928861,0.3035004344905956,0.0317575257985226,-0.1319980323314666,0.2498045712709427,-0.0317575257985226,-0.2498045712709427,0.1319980323314666,0.1106656397802012,-0.5269461274147034,0.3439770340919494,0.0317575257985226,-0.1319980323314666,0.2498045712709427,0.9404312157540738,0.6002501845359802,1.3041422367095947,16820.64385477173,9461.0,24922.0,0.1952160633937277,0.1063270990847592,0.3490845449649973,-0.1456197201485284,-0.2801817953586578,0.1495101898908615,-0.1106656397802012,-0.3439770340919494,0.5269461274147034,0.0465622366048518,-0.0548638962209224,0.1584673672914505,16.95,544.45
bahawalnagar,2003,9,324408.7113347104,0.1385768381765075,0.0804162696003913,0.2679029703140259,0.620169290011411,0.3618127343796504,0.9999756192705288,0.1747201797291771,0.0615686737000942,0.3185558021068573,0.1524340731484805,0.0884576297566766,0.2946924272707085,0.0197360714482925,-0.1011159941554069,0.2553381025791168,-0.0197360714482925,-0.2553381025791168,0.1011159941554069,0.0761532590631282,-0.19662806391716,0.317689299583435,0.0197360714482925,-0.1011159941554069,0.2553381025791168,0.963298829641314,0.5931962728500366,1.2249811887741089,16752.92828744041,9611.5,21690.5,0.1903795387648008,0.106639275375852,0.3209140213031263,-0.1555171883268028,-0.267668753862381,0.1509433984756469,-0.0761532590631282,-0.317689299583435,0.19662806391716,0.0544553433405665,-0.0753888487815857,0.1478527039289474,16.95,544.45
bahawalnagar,2004,5,503726.5239285876,0.1085756522110965,0.0873479396104812,0.227741852402687,0.5653524471013736,0.3945523975251353,0.9999680317125412,0.1499484905678837,0.0924726128578186,0.2661985754966736,0.1194328517596461,0.0960824236635679,0.2505152620142315,-0.0011295737142943,-0.6161130666732788,0.1537942737340927,0.0011295737142943,-0.1537942737340927,0.6161130666732788,0.0585035360393111,-0.6161130666732788,0.2212515771389007,-0.0011295737142943,-0.6161130666732788,0.1537942737340927,1.003176019587413,0.7334112524986267,4.209867000579834,16407.573792574076,10396.5,40266.5,0.1552131084262279,0.1152750259458439,0.2744576046930544,-0.1510290812115141,-0.7020972371101379,0.0196664370596408,-0.0585035360393111,-0.2212515771389007,0.6161130666732788,0.065047164182139,-0.0137464953586459,0.1272256672382354,17.51,628.78
bahawalnagar,2004,6,503726.5239285876,0.1069576179880015,0.0873478725552558,0.211999773979187,0.624336200547431,0.394554149953718,0.9999604524242665,0.1352064565332726,0.078399434685707,0.2372090369462967,0.1176530181149578,0.0960823526801702,0.2331990935285502,0.0236594350568148,-0.2848579883575439,0.1837792843580246,-0.0236594350568148,-0.1837792843580246,0.2848579883575439,0.0933458520014394,-0.3642628490924835,0.2675772607326507,0.0236594350568148,-0.2848579883575439,0.1837792843580246,0.9550669683608468,0.6895041465759277,1.796647310256958,15895.429130907043,12616.0,22227.0,0.1496246028790569,0.1143054462521883,0.2560982743492249,-0.111829488668089,-0.3900550007820129,0.0646379441022872,-0.0933458520014394,-0.2675772607326507,0.3642628490924835,0.0450433672439715,-0.0259407628327608,0.1096800789237022,17.51,628.78
bahawalnagar,2004,7,503726.5239285876,0.1107305728487956,0.0873480439186096,0.2297072857618332,0.6675724392754654,0.3945525113106584,0.9999692269817824,0.1381780178398229,0.0874418243765831,0.2893481254577636,0.1218032717626534,0.0960825751841085,0.2526772851083087,0.0290467025295945,-0.0591921992599964,0.2415098696947097,-0.0290467025295945,-0.2415098696947097,0.0591921992599964,0.0930734828387232,-0.1250948756933212,0.2934240698814392,0.0290467025295945,-0.0591921992599964,0.2415098696947097,0.9443072790216244,0.6109417080879211,1.1258326768875122,16523.878953515443,11341.0,20422.0,0.1518378911880885,0.1142504648212827,0.2799070172889728,-0.1095618970716541,-0.2471502423286438,0.1085699051618576,-0.0930734828387232,-0.2934240698814392,0.1250948756933212,0.0433761269075816,-0.0133684212341904,0.1395844370126724,17.51,628.78
bahawalnagar,2004,8,503726.5239285876,0.1339856322478537,0.0873480141162872,0.2622404098510742,0.6948298657334034,0.3945541408768915,0.999974207526244,0.163301535713596,0.0648144409060478,0.3040199279785156,0.1473837619423298,0.0960825416307019,0.2884636195857865,0.0287712060476601,-0.1023091822862625,0.3014464378356933,-0.0287712060476601,-0.3014464378356933,0.1023091822862625,0.1017356902495405,-0.2995398044586181,0.3841434419155121,0.0287712060476601,-0.1023091822862625,0.3014464378356933,0.9462912816643124,0.5367516875267029,1.227938532829285,16586.440268897994,9383.5,21821.0,0.1792161545593035,0.1142731630918501,0.3139290607398386,-0.1350884336004633,-0.2798013687133789,0.2207676172256469,-0.1017356902495405,-0.3841434419155121,0.2995398044586181,0.0447431274294314,-0.0506639815866947,0.1269110739231109,17.51,628.78
bahawalnagar,2004,9,503726.5239285876,0.1412044686699715,0.087348461151123,0.2848002910614013,0.6798593759665398,0.3945526282296042,0.9999774169508368,0.1742721178947549,0.0579969249665737,0.3376723229885101,0.1553244462725234,0.0960830087565783,0.3132794599169463,0.0208283497496359,-0.2303899228572845,0.2701896429061889,-0.0208283497496359,-0.2701896429061889,0.2303899228572845,0.0844298829964067,-0.4037655889987945,0.3281524181365967,0.0208283497496359,-0.2303899228572845,0.2701896429061889,0.9615806148426672,0.5745680332183838,1.598718523979187,16263.520485620684,9321.0,22524.0,0.1890514627980502,0.1141192655875808,0.3432940417422256,-0.1540324542215571,-0.3989500105381012,0.1593321710824966,-0.0844298829964067,-0.3281524181365967,0.4037655889987945,0.0497339525053706,-0.0643759667873382,0.1807997673749923,17.51,628.78
bahawalnagar,2005,5,448713.7222673549,0.1150137011942112,0.0840609520673751,0.2486520260572433,0.5541731320282252,0.3555279222247343,0.9999700338617362,0.1537906209830574,0.0664360150694847,0.274255096912384,0.1265146652548768,0.0924667267018432,0.2735164183728488,-0.0123449724399525,-0.6378017663955688,0.2042970508337021,0.0123449724399525,-0.2042970508337021,0.6378017663955688,0.039046451183433,-0.6443976163864136,0.2528596520423889,-0.0123449724399525,-0.6378017663955688,0.2042970508337021,1.0266294869874308,0.6607198119163513,4.521838188171387,15856.954213068497,9994.5,39314.0,0.164607188270468,0.1109682751021532,0.2973073351903435,-0.1658025371804407,-0.7083979845046997,0.0897529572248458,-0.039046451183433,-0.2528596520423889,0.6443976163864136,0.0606259335750532,-0.0319767445325851,0.1374087929725647,25.24,967.58
bahawalnagar,2005,6,448713.7222673549,0.1159268899652379,0.0840609148144722,0.2593664228916168,0.5620930827095489,0.3555290501640021,0.9999671872949206,0.1529668825312303,0.0736630484461784,0.3068746030330658,0.127519178564738,0.0924666921600942,0.2853022192960961,-7.482985879053452e-05,-0.3765296936035156,0.2087438255548477,7.482985879053452e-05,-0.2087438255548477,0.3765296936035156,0.0535314042443718,-0.5824549794197083,0.3138145804405212,-7.482985879053452e-05,-0.3765296936035156,0.2087438255548477,1.0017265239317878,0.6546103358268738,2.2078511714935303,16010.978087356692,10087.0,25029.5,0.1651810619088969,0.1110452312383533,0.312007874015748,-0.153010759747962,-0.5116447806358337,0.0941011235117912,-0.0535314042443718,-0.3138145804405212,0.5824549794197083,0.0578801788203235,-0.0454159341752529,0.1508705914020538,25.24,967.58
bahawalnagar,2005,7,448713.7222673549,0.1274410735843064,0.084061212837696,0.2660287320613861,0.6615122394369304,0.3555285317669733,0.9999717442287588,0.1613255309811697,0.0643702894449234,0.3039573132991791,0.1401847635390419,0.0924670097581938,0.2926307534288666,0.0023386257426244,-0.1389735043048858,0.2640998661518097,-0.0023386257426244,-0.2640998661518097,0.1389735043048858,0.0707588426711575,-0.4169909656047821,0.3800260424613952,0.0023386257426244,-0.1389735043048858,0.2640998661518097,0.9974736617242276,0.5821534991264343,1.322808861732483,16875.284017139627,10359.5,23082.5,0.1734018421793999,0.1105121293800539,0.3185620895112994,-0.1589851715599673,-0.2856183350086212,0.1642746031284332,-0.0707588426711575,-0.3800260424613952,0.4169909656047821,0.0520688941217165,-0.0395091697573661,0.1556342840194702,25.24,967.58
bahawalnagar,2005,8,448713.7222673549,0.1474084385970609,0.0840608328580856,0.271050214767456,0.6805995803096957,0.3555281066467791,0.9999757699110756,0.1799650885566521,0.0613583512604236,0.2998300790786743,0.1621488001920376,0.092466665385534,0.2981543435179802,0.0376288801476551,-0.0741624906659126,0.2518790364265442,-0.0376288801476551,-0.2518790364265442,0.0741624906659126,0.1032606294124995,-0.2011008411645889,0.3391251266002655,0.0376288801476551,-0.0741624906659126,0.2518790364265442,0.9294214085293092,0.5975984334945679,1.160206317901611,16221.26143062613,9998.0,21670.5,0.196927479109625,0.1112074124517633,0.3238427393785669,-0.1433051146550516,-0.2635568976402282,0.1280968636274337,-0.1032606294124995,-0.3391251266002655,0.2011008411645889,0.0485826981428053,-0.0494971275329589,0.1348483264446258,25.24,967.58
bahawalnagar,2005,9,448713.7222673549,0.1419396933425687,0.0840613469481468,0.2991290092468261,0.6477957544858459,0.355528200537153,0.999973169488342,0.1755144979982913,0.056263267993927,0.346043199300766,0.1561331664771888,0.0924671828538702,0.3290408248452758,0.0157058791211187,-0.1434216797351837,0.2914583683013916,-0.0157058791211187,-0.2914583683013916,0.1434216797351837,0.0808063319863434,-0.3519760966300964,0.3471886217594147,0.0157058791211187,-0.1434216797351837,0.2914583683013916,0.9718661047852408,0.548636794090271,1.3348711729049685,15558.841208763655,8766.5,21201.0,0.1923159344608993,0.1110306431901507,0.3564871218491,-0.1601875425276501,-0.3251787424087524,0.1789484471082687,-0.0808063319863434,-0.3471886217594147,0.3519760966300964,0.0504943134710749,-0.0573391057550907,0.1679329723119735,25.24,967.58
bahawalnagar,2006,5,446285.9478395407,0.1119598318172306,0.0828415602445602,0.2389426827430725,0.5373417348094423,0.3449478972832154,0.9999703931785884,0.1512303847822078,0.0745935589075088,0.2798535525798797,0.1231554349260515,0.0911254230583972,0.2628361893739586,-0.0057297219915524,-0.6149581074714661,0.1871632635593414,0.0057297219915524,-0.1871632635593414,0.6149581074714661,0.0510241076020705,-0.6149581074714661,0.2436074763536453,-0.0057297219915524,-0.6149581074714661,0.1871632635593414,1.0128189420971452,0.6846882700920105,4.194240093231201,16376.37553900444,10837.0,40277.0,0.1620387062054661,0.1105568761934453,0.2861023907268775,-0.1568096213831812,-0.6938923001289368,0.0740254446864128,-0.0510241076020705,-0.2436074763536453,0.6149581074714661,0.0616337741911708,-0.0329279154539108,0.1492669731378555,20.54,868.9
bahawalnagar,2006,6,446285.9478395407,0.109405402646374,0.0828416794538497,0.2224885076284408,0.5922618256299274,0.3449478189775405,0.9999699618515514,0.143127775551335,0.0702955201268196,0.2542814016342163,0.1203455679185409,0.091125566797741,0.2447366714504428,-0.004984396775285,-0.1146979108452797,0.1848133206367492,0.004984396775285,-0.1848133206367492,0.1146979108452797,0.0551823732543546,-0.1066077947616577,0.2504487335681915,-0.004984396775285,-0.1146979108452797,0.1848133206367492,1.0113929830955704,0.6880296468734741,1.2591158151626587,16186.264293155877,10757.5,19700.0,0.1548031606687501,0.1093503539855471,0.2694852725888622,-0.1479690678706894,-0.2599244117736816,0.0940947979688644,-0.0551823732543546,-0.2504487335681915,0.1066077947616577,0.0534085154192949,-0.0325513742864131,0.148894190788269,20.54,868.9
bahawalnagar,2006,7,446285.9478395407,0.1218823082465187,0.082841545343399,0.2383494228124618,0.6218155476080676,0.3449503623340175,0.9999673586630108,0.1521533570475066,0.079532116651535,0.2707410156726837,0.1340701240054343,0.0911254106560714,0.2621835836874477,0.0213508181165448,-0.0633153319358825,0.1798530519008636,-0.0213508181165448,-0.1798530519008636,0.0633153319358825,0.0894138831880916,-0.2154735475778579,0.2573620080947876,0.0213508181165448,-0.0633153319358825,0.1798530519008636,0.9594686140113876,0.6951263546943665,1.1351909637451172,15841.000751999403,11222.5,19971.5,0.1687372730729701,0.1102981749810958,0.2871191459518429,-0.1312217474290378,-0.2411115318536758,0.0779728665947914,-0.0894138831880916,-0.2573620080947876,0.2154735475778579,0.0472112222444914,-0.0291081741452217,0.1354242712259292,20.54,868.9
bahawalnagar,2006,8,446285.9478395407,0.1471631294524352,0.0828416645526886,0.2846792638301849,0.6559117063681179,0.3449478088154503,0.9999755148013024,0.1801790959383693,0.0661965459585189,0.336193323135376,0.1618789741394285,0.0911255535052573,0.3131462786687432,0.0369027877491687,-0.0754125863313674,0.2552921175956726,-0.0369027877491687,-0.2552921175956726,0.0754125863313674,0.1074351610876568,-0.1035240814089775,0.3203558325767517,0.0369027877491687,-0.0754125863313674,0.2552921175956726,0.9309803284815428,0.5932546257972717,1.1631269454956057,16684.756395950746,9945.5,21113.0,0.1982939789640031,0.1096724070956882,0.3420838671939344,-0.1442450184508499,-0.2565144598484039,0.1489052921533584,-0.1074351610876568,-0.3203558325767517,0.1035240814089775,0.0493265209320879,-0.0389676876366138,0.1603449881076812,20.54,868.9
bahawalnagar,2006,9,446285.9478395407,0.1478934349624649,0.0828417092561721,0.3668582737445831,0.6464696055730216,0.3449475213290504,0.9999778545486756,0.1840974630298665,0.0465849973261356,0.3802847266197204,0.1626822784812362,0.0911255942197285,0.4035428532786609,0.0213291578443997,-0.2885579764842987,0.3373917639255523,-0.0213291578443997,-0.3373917639255523,0.2885579764842987,0.0861885540124236,-0.558131217956543,0.3917083144187927,0.0213291578443997,-0.2885579764842987,0.3373917639255523,0.96095965690118,0.4954481124877929,1.8111917972564695,16002.306318568615,9095.5,23628.0,0.2000466170888269,0.1096337598589367,0.4564629972323665,-0.1634094970155657,-0.4644449651241302,0.1575193554162979,-0.0861885540124236,-0.3917083144187927,0.558131217956543,0.0538441717421672,-0.0805527493357658,0.1787462830543518,20.54,868.9
bahawalnagar,2007,5,717000.8770826939,0.1164216863701598,0.0922165289521217,0.2365937978029251,0.6478127760927792,0.4665929600191238,0.9999620507760616,0.1494688199583223,0.096570037305355,0.262471467256546,0.1280634477160901,0.1014378697677002,0.2602524163039912,0.0016149763589091,-0.5916984677314758,0.1258491724729538,-0.0016149763589091,-0.1258491724729538,0.5916984677314758,0.067929688632291,-0.5916984677314758,0.2231348007917404,0.0016149763589091,-0.5916984677314758,0.1258491724729538,0.9976337225124126,0.7764368653297424,3.8983404636383057,15718.277247017882,11407.5,39525.0,0.1599045553181627,0.1207789821789454,0.2874675049876065,-0.1478750581737436,-0.6862215399742126,0.0083823343738913,-0.067929688632291,-0.2231348007917404,0.5916984677314758,0.0516057029587639,-0.0221379194408655,0.1041629537940025,23.13,969.29
bahawalnagar,2007,6,717000.8770826939,0.1153515441481036,0.0922187641263008,0.2410826832056045,0.6817961886314197,0.4665927509833426,0.9999604914859151,0.1422489983706449,0.0933049768209457,0.2633865475654602,0.1268863096027887,0.1014403395869584,0.2651902219324368,0.0211480457867409,-0.1109100058674812,0.1683412492275238,-0.0211480457867409,-0.1683412492275238,0.1109100058674812,0.0852642532901803,-0.3027776181697845,0.2335412353277206,0.0211480457867409,-0.1109100058674812,0.1683412492275238,0.9592010000200536,0.7118286490440369,1.2494910955429075,15984.256355163918,11258.5,19136.5,0.1567915293679453,0.1199222741511298,0.292404250766707,-0.1214580648841565,-0.2353725135326385,0.0288860648870468,-0.0852642532901803,-0.2335412353277206,0.3027776181697845,0.0422984390527133,-0.0194645877927541,0.1142857149243354,23.13,969.29
bahawalnagar,2007,7,717000.8770826939,0.1310534186329053,0.0922163724899292,0.2306096404790878,0.7480587343843612,0.4665930425179459,0.9999705847746794,0.1549916434119251,0.071354940533638,0.2669907212257385,0.1441583274145808,0.1014377241654149,0.2536699285298209,0.0375672292294038,-0.1155882403254509,0.2497172653675079,-0.0375672292294038,-0.2497172653675079,0.1155882403254509,0.117528434026287,-0.0782121568918228,0.3086796998977661,0.0375672292294038,-0.1155882403254509,0.2497172653675079,0.929018340283438,0.6003620028495789,1.2613900899887085,16007.229792347996,10508.0,22988.0,0.1725482220403974,0.1197564406420409,0.280648822210535,-0.1180551389704118,-0.269090324640274,0.1529029011726379,-0.117528434026287,-0.3086796998977661,0.0782121568918228,0.0367932175010498,-0.0435464344918727,0.1078912615776062,23.13,969.29
bahawalnagar,2007,8,717000.8770826939,0.140487545813512,0.092216782271862,0.2607941925525665,0.7343200766707886,0.4665927764258005,0.999973064698594,0.1691127551457752,0.0807426273822784,0.3021183907985687,0.1545358599936256,0.1014381929943237,0.2868728174335633,0.0350757698287262,-0.0875055864453315,0.292847603559494,-0.0350757698287262,-0.292847603559494,0.0875055864453315,0.112863310458167,-0.0574858598411083,0.3505348265171051,0.0350757698287262,-0.0875055864453315,0.292847603559494,0.933385296773698,0.5469727516174316,1.1917942762374878,16999.32998377917,10029.0,23369.5,0.1848156371259392,0.1197928314990289,0.3216598635531003,-0.1348200651227351,-0.2784368991851806,0.181472972035408,-0.112863310458167,-0.3505348265171051,0.0574858598411083,0.0431065465800707,-0.0243195910006761,0.1457483619451522,23.13,969.29
bahawalnagar,2007,9,717000.8770826939,0.1586052474360943,0.092216357588768,0.2913748919963836,0.7162922844494725,0.466592542793608,0.9999761256744496,0.1902425572505999,0.0450070910155773,0.3398628234863281,0.1744652363124011,0.1014376601660285,0.3205115024132978,0.030413527305511,-0.1578554958105087,0.2615436613559723,-0.030413527305511,-0.2615436613559723,0.1578554958105087,0.1036769175043013,-0.5676916837692261,0.3342015445232391,0.030413527305511,-0.1578554958105087,0.2615436613559723,0.943098962307799,0.5853593349456787,1.3748893737792969,15762.55895060214,8972.0,23728.5,0.2080050606009666,0.1198240809891295,0.3474630327631197,-0.1607215099397445,-0.3715500235557556,0.1721656769514084,-0.1036769175043013,-0.3342015445232391,0.5676916837692261,0.046098141025079,-0.0986199378967285,0.1426200568675995,23.13,969.29
bahawalnagar,2008,5,502679.737402452,0.1248845139682871,0.0939302593469619,0.2477370053529739,0.6535093109540886,0.4757620932503983,0.9999705587940882,0.1572146144722868,0.0827244892716407,0.2786759734153747,0.1373725300995395,0.1033229440123754,0.2725099212335952,0.0030825301354271,-0.5947971940040588,0.1935788542032241,-0.0030825301354271,-0.1935788542032241,0.5947971940040588,0.0677308366522006,-0.6000341773033142,0.4124244749546051,0.0030825301354271,-0.5947971940040588,0.1935788542032241,0.9952234655610316,0.675632894039154,3.935799598693848,15750.53397771679,10843.5,39851.5,0.1700621985789555,0.1218695198124174,0.2970873786407767,-0.1541679380862732,-0.6827361583709717,0.0627821758389473,-0.0677308366522006,-0.4124244749546051,0.6000341773033142,0.049827177336382,-0.0278079658746719,0.1210385039448738,19.79,855.65
bahawalnagar,2008,6,502679.737402452,0.1224847216189673,0.0939312353730201,0.2195359468460083,0.6987291236573789,0.4757621951219512,0.9999665563024648,0.1497783488683889,0.0926231890916824,0.2428115010261535,0.1347327771724074,0.1033240903995174,0.2414888527961822,0.0211613875044979,-0.0752210021018982,0.1307603567838668,-0.0211613875044979,-0.1307603567838668,0.0752210021018982,0.0942117171033359,-0.1851677000522613,0.2255308777093887,0.0211613875044979,-0.0752210021018982,0.1307603567838668,0.9595630449365724,0.768721342086792,1.162678837776184,15893.12521921076,11960.5,19569.0,0.1648962362785858,0.1216442468679637,0.2665489262436292,-0.1289821405864546,-0.2242869585752487,0.0122200893238186,-0.0942117171033359,-0.2255308777093887,0.1851677000522613,0.0423691307528463,-0.0122160939499735,0.1296902298927307,19.79,855.65
bahawalnagar,2008,7,502679.737402452,0.1206202855854521,0.0939327180385589,0.1951015442609787,0.7766191390143078,0.4757690347842411,0.9999647154299424,0.1429061677320832,0.0886636078357696,0.210346981883049,0.1326819207205049,0.1033256843670211,0.2146110951486969,0.0309480222203398,-0.0470829829573631,0.179156944155693,-0.0309480222203398,-0.179156944155693,0.0470829829573631,0.1083443471353871,-0.1405030488967895,0.2632208466529846,0.0309480222203398,-0.0470829829573631,0.179156944155693,0.9408788686429798,0.6961270570755005,1.0988186597824097,16315.089586531452,12202.0,19552.5,0.1587756135036007,0.122297848263467,0.235797216413067,-0.112412000655261,-0.1900094449520111,0.064269445836544,-0.1083443471353871,-0.2632208466529846,0.1405030488967895,0.0348721398073477,-0.0135974306613206,0.0886051431298255,19.79,855.65
bahawalnagar,2008,8,502679.737402452,0.1329424829244047,0.093930147588253,0.2232096195220947,0.7457838199001237,0.4757727436916249,0.9999726109939472,0.1569733701870161,0.0888254046440124,0.263211727142334,0.1462363254536551,0.1033229101319814,0.2455299047241733,0.0420408468841684,-0.0454005785286426,0.2408617585897445,-0.0420408468841684,-0.2408617585897445,0.0454005785286426,0.1214216645048185,0.006734624505043,0.3056953847408294,0.0420408468841684,-0.0454005785286426,0.2408617585897445,0.920539233901994,0.6117830872535706,1.095119595527649,17269.212263568574,11500.5,21417.5,0.1749581182648428,0.1223251175381108,0.2701224128326358,-0.1156614032596961,-0.2304708659648895,0.1252432018518448,-0.1214216645048185,-0.3056953847408294,-0.006734624505043,0.0368202157883747,-0.0283090155571699,0.0890491157770156,19.79,855.65
bahawalnagar,2008,9,502679.737402452,0.1503361770841917,0.0939299687743187,0.2811096906661987,0.7288604924593374,0.4757621985928641,0.9999762221799506,0.1802211491551757,0.0772670432925224,0.3222723007202148,0.1653692980434373,0.1033226695385005,0.3092197846788745,0.0298006159423494,-0.2677967548370361,0.2679001688957214,-0.0298006159423494,-0.2679001688957214,0.2677967548370361,0.1021615631203667,-0.4136300086975097,0.3290682435035705,0.0298006159423494,-0.2677967548370361,0.2679001688957214,0.9438793976206912,0.5774112343788147,1.7314820289611816,16173.115552526577,9616.5,22812.5,0.1969935418882007,0.121520477672189,0.3374996244328936,-0.1512314092027121,-0.4270025789737701,0.1712594777345657,-0.1021615631203667,-0.3290682435035705,0.4136300086975097,0.0442123782974926,-0.0383424796164035,0.1534326076507568,19.79,855.65
bahawalnagar,2009,5,362119.0222129092,0.1059489390181131,0.0811614394187927,0.2446724474430084,0.5610694874305445,0.3556345026334095,0.9999663876844476,0.1408611699138396,0.0693594813346862,0.2672047615051269,0.1165434588529688,0.0892773164315773,0.2691389414281728,-0.0081131571584703,-0.637576699256897,0.1513676345348358,0.0081131571584703,-0.1513676345348358,0.637576699256897,0.0481601562478782,-0.637576699256897,0.2593884170055389,-0.0081131571584703,-0.637576699256897,0.1513676345348358,1.0179728658338298,0.7370646595954895,4.51840877532959,15784.999006715145,10557.0,39656.5,0.1523178445935104,0.1075993877466595,0.2940435196717708,-0.1487385124871598,-0.7058632373809814,0.0526412762701511,-0.0481601562478782,-0.2593884170055389,0.637576699256897,0.0555210089994759,-0.0357368513941764,0.1311765313148498,22.66,919.75
bahawalnagar,2009,6,362119.0222129092,0.116360435643788,0.0811612755060195,0.2559063732624054,0.563845196349781,0.3556346673213847,0.9999708420807092,0.1505522426530239,0.0688016563653945,0.2879625260829925,0.1279960778752707,0.0892771431314198,0.281496242282396,0.0078539125904207,-0.1092110201716423,0.2170746326446533,-0.0078539125904207,-0.2170746326446533,0.1092110201716423,0.067373436221997,-0.1710299700498581,0.3063152134418487,0.0078539125904207,-0.1092110201716423,0.2170746326446533,0.9860181540649112,0.6432846188545227,1.2452006340026855,15868.827073300348,9893.0,20289.75,0.1655377154026984,0.1081709500195477,0.3075486336599523,-0.1428484270249182,-0.2708629965782165,0.1123691126704216,-0.067373436221997,-0.3063152134418487,0.1710299700498581,0.05356707397023,-0.0444232895970344,0.1511993557214737,22.66,919.75
bahawalnagar,2009,7,362119.0222129092,0.1230546969644946,0.0811612904071807,0.2784138321876526,0.6429634381592705,0.3556343977023146,0.999971032125373,0.1540630013502739,0.0639622434973716,0.3135837316513061,0.1353597496744166,0.0892771313640923,0.3062543045488833,0.0212471897940223,-0.1129326447844505,0.3006565570831299,-0.0212471897940223,-0.3006565570831299,0.1129326447844505,0.0904070253301611,-0.0665293261408805,0.367078572511673,0.0212471897940223,-0.1129326447844505,0.3006565570831299,0.9600437188246028,0.5376849174499512,1.2546201944351196,15936.768841171255,9931.0,25855.0,0.1690113334918877,0.1074186460186251,0.3377218981062615,-0.133215910620686,-0.3117841184139251,0.2226200252771377,-0.0904070253301611,-0.367078572511673,0.0665293261408805,0.0481497642631069,-0.0497672073543071,0.1238315179944038,22.66,919.75
bahawalnagar,2009,8,362119.0222129092,0.130360152583519,0.0811612606048584,0.2534764409065246,0.6730034574410111,0.3556346085834946,0.9999703228869896,0.1612994859933866,0.0744227841496467,0.3047839403152466,0.1433957411333903,0.0892771190109314,0.2788232680651201,0.0302542873369926,-0.0673275738954544,0.1869152337312698,-0.0302542873369926,-0.1869152337312698,0.0673275738954544,0.0994295687473116,-0.146641805768013,0.3068257868289947,0.0302542873369926,-0.0673275738954544,0.1869152337312698,0.9429058532085948,0.685040295124054,1.144375562667847,16346.692734769427,10557.0,23817.5,0.1763657105703242,0.1076339879824172,0.3045880374729762,-0.1316838999930537,-0.21899975836277,0.0722907111048698,-0.0994295687473116,-0.3068257868289947,0.146641805768013,0.0475092378734327,-0.0245739426463842,0.1368421018123626,22.66,919.75
bahawalnagar,2009,9,362119.0222129092,0.143214923570064,0.081161580979824,0.294117659330368,0.6585481096658606,0.3556346254065807,0.9999780441751196,0.1767479879383836,0.0582778602838516,0.3599005937576294,0.1575359254706209,0.0892774198581007,0.3235285220457002,0.0234272159717099,-0.1500000059604644,0.3262702822685241,-0.0234272159717099,-0.3262702822685241,0.1500000059604644,0.0889178663812516,-0.4034562408924103,0.3720674514770508,0.0234272159717099,-0.1500000059604644,0.3262702822685241,0.9574314483180604,0.5079882740974426,1.3529411554336548,15770.15331480322,8855.5,24087.5,0.1932410462152131,0.107451251974809,0.3498558581816617,-0.1538366913161777,-0.3558772504329681,0.2182077765464782,-0.0889178663812516,-0.3720674514770508,0.4034562408924103,0.0502500146266439,-0.0648550689220428,0.1723592728376388,22.66,919.75
bahawalnagar,2010,5,466993.8109691608,0.1186775005544091,0.0829725861549377,0.245340958237648,0.5572151765485771,0.3767236929429983,0.9999738944290713,0.1607669060093657,0.0650050491094589,0.2985903918743133,0.1305448316979418,0.0912695668904314,0.2698742439432668,-0.0116807665379005,-0.6540679931640625,0.2095791697502136,0.0116807665379005,-0.2095791697502136,0.6540679931640625,0.0503221584480048,-0.6540679931640625,0.3577527999877929,-0.0116807665379005,-0.6540679931640625,0.2095791697502136,1.025303180314736,0.6534676551818848,4.781482696533203,15841.20683495468,9807.0,39679.5,0.1692457538987148,0.1095813204508856,0.2947289345185927,-0.1720759314127214,-0.7286224961280823,0.0891534611582756,-0.0503221584480048,-0.3577527999877929,0.6540679931640625,0.0650315343100683,-0.0516111403703689,0.1518208980560302,20.16,898.12
bahawalnagar,2010,6,466993.8109691608,0.1129560813100995,0.0829725116491317,0.25046506524086,0.5944758410613991,0.3767237615880434,0.9999710740215788,0.1452791595272336,0.0720753818750381,0.279144823551178,0.1242513006243299,0.0912694721784785,0.275510799037124,0.0110741527302693,-0.095996618270874,0.1669041961431503,-0.0110741527302693,-0.1669041961431503,0.095996618270874,0.07081171764849,-0.333056092262268,0.2585512399673462,0.0110741527302693,-0.095996618270874,0.1669041961431503,0.9793069449729096,0.7139367461204529,1.21238112449646,15834.194158856166,11124.0,19411.0,0.1589254616111317,0.1098392596200682,0.299572945521699,-0.1344058535623198,-0.2730216383934021,0.0596269145607948,-0.07081171764849,-0.2585512399673462,0.333056092262268,0.0509639822140112,-0.0362903214991092,0.1206692457199096,20.16,898.12
bahawalnagar,2010,7,466993.8109691608,0.1180252831825623,0.0829725340008735,0.2448135018348693,0.6612903125574583,0.3767244013066673,0.9999708675639456,0.1498109939648101,0.0726989060640335,0.2768420875072479,0.1298274250360724,0.091269461035343,0.2692941243295439,0.0143498259506584,-0.1262559592723846,0.2665174603462219,-0.0143498259506584,-0.2665174603462219,0.1262559592723846,0.0890012939247693,-0.1105452477931976,0.3468879163265228,0.0143498259506584,-0.1262559592723846,0.2665174603462219,0.9732590493025208,0.5791333913803101,1.2889999151229858,16619.16720420844,9952.0,24010.5,0.1614945890407819,0.1095111529791743,0.2965039299095698,-0.1356817180553159,-0.2829645574092865,0.1752423495054245,-0.0890012939247693,-0.3468879163265228,0.1105452477931976,0.0496589562985755,-0.0340901389718055,0.1209800913929939,20.16,898.12
bahawalnagar,2010,8,466993.8109691608,0.1501726517463153,0.0829732045531272,0.311349481344223,0.6636186802239193,0.3767237544483986,0.9999764351022716,0.1807785303476576,0.0570251420140266,0.3467685580253601,0.1651894223646936,0.0912701985371703,0.3424834481365461,0.0288918934504522,-0.1076102405786514,0.3124797642230987,-0.0288918934504522,-0.3124797642230987,0.1076102405786514,0.0990830417474177,-0.2094607204198837,0.3547307550907135,0.0288918934504522,-0.1076102405786514,0.3124797642230987,0.9470466202269956,0.5238329768180847,1.2411731481552124,16257.62935202912,9007.0,23493.0,0.2014015665018494,0.109382021143249,0.3714812831042076,-0.1525836879456217,-0.2891965806484222,0.1796653866767883,-0.0990830417474177,-0.3547307550907135,0.2094607204198837,0.0454861267514483,-0.0537665747106075,0.1640253961086273,20.16,898.12
bahawalnagar,2010,9,466993.8109691608,0.1427488629685877,0.0829729214310646,0.3009070456027984,0.6354280643616421,0.37672363209623,0.9999759418755714,0.177277392390954,0.0554661713540554,0.3527490794658661,0.1570232732944234,0.0912698845361274,0.330996768142871,0.0119946644810079,-0.1472260057926178,0.3047126531600952,-0.0119946644810079,-0.3047126531600952,0.1472260057926178,0.0719556818159266,-0.3326838910579681,0.352557361125946,0.0119946644810079,-0.1472260057926178,0.3047126531600952,0.9786109424202484,0.5329045653343201,1.3452873229980469,16447.37159704527,8797.5,25950.0,0.1945616160106014,0.1093286219081272,0.358177165535312,-0.1655878183565135,-0.3504202663898468,0.1866255849599838,-0.0719556818159266,-0.352557361125946,0.3326838910579681,0.0516973521132429,-0.0565341748297214,0.1529038846492767,20.16,898.12
bahawalnagar,2011,5,208839.93988389312,0.1117932032284987,0.0882098749279975,0.2258526533842086,0.5850389923847107,0.3689589684641911,0.9999684154006506,0.1478939919924922,0.0838142782449722,0.2698111534118652,0.1229721341446382,0.0970305644949701,0.2484371664715162,-0.0085239857510786,-0.6249085664749146,0.1558365672826767,0.0085239857510786,-0.1558365672826767,0.6249085664749146,0.0589225182242086,-0.6387436985969543,0.4454795122146606,-0.0085239857510786,-0.6249085664749146,0.1558365672826767,1.0186372194796662,0.7303484678268433,4.332033157348633,15997.876545203057,11044.5,40060.75,0.1583271570700757,0.1156170160995985,0.2799043777080532,-0.1561725550515975,-0.702163577079773,0.0419118963181972,-0.0589225182242086,-0.4454795122146606,0.6387436985969543,0.0567702806959841,-0.0172533206641674,0.124790996313095,21.32,926.86
bahawalnagar,2011,6,208839.93988389312,0.1160064138377711,0.0882100015878677,0.2540164887905121,0.6177128284726964,0.3689587877396395,0.9999701233903976,0.1476338130388697,0.071194864809513,0.2854912281036377,0.1276066629526825,0.0970306359397377,0.2794173413885037,0.0148207125644216,-0.0908556282520294,0.2364789694547653,-0.0148207125644216,-0.2364789694547653,0.0908556282520294,0.0818167091053694,-0.1756198406219482,0.2806313931941986,0.0148207125644216,-0.0908556282520294,0.2364789694547653,0.9720134690816692,0.6174961924552917,1.1998705863952637,16076.204225228992,9991.0,20586.5,0.1613939879351436,0.1150422450211225,0.3075959492295386,-0.1330693731607947,-0.2600736916065216,0.1372184008359909,-0.0818167091053694,-0.2806313931941986,0.1756198406219482,0.0496133639141964,-0.0309310238808393,0.1252989619970321,21.32,926.86
bahawalnagar,2011,7,208839.93988389312,0.12697958284975397,0.08821040019392962,0.2710245512425899,0.6074602624395055,0.3689588371467538,0.999972415995595,0.16022328954709378,0.07246769219636912,0.3209196776151657,0.13967711145022696,0.09703112261540525,0.2981261972726218,0.010077977619535949,-0.24865426681935784,0.2587885186076164,-0.010077977619535949,-0.2587885186076164,0.24865426681935784,0.07761765720368355,-0.3157256003469229,0.38466576486825943,0.010077977619535949,-0.24865426681935784,0.2587885186076164,0.9824281852774237,0.593730092048645,2.047785997390747,16142.31139352107,9903.875,28924.0625,0.17628501195565133,0.11532100278314439,0.32766612834798176,-0.15033509275317386,-0.41052205115556717,0.1505269659683108,-0.07761765720368355,-0.38466576486825943,0.3157256003469229,0.051126404041990925,-0.0448973444290459,0.14891139790415758,21.32,926.86
bahawalnagar,2011,8,208839.93988389312,0.1400649312691994,0.0882114544510841,0.2744962573051452,0.6289885454857612,0.3689587694548102,0.9999713064187542,0.1724338876416008,0.068554975092411,0.3407533764839172,0.1540709481615955,0.0970323015014603,0.3019449807964302,0.0212501508898937,-0.0972762629389762,0.3174435794353485,-0.0212501508898937,-0.3174435794353485,0.0972762629389762,0.0941718547737098,-0.0587349757552146,0.3709349632263183,0.0212501508898937,-0.0972762629389762,0.3174435794353485,0.9611865143999468,0.5180915594100952,1.215517282485962,15850.513648340242,9635.0,25920.5,0.1913454316087119,0.1155193499575067,0.3284558252965303,-0.1516889804810691,-0.2962785363197326,0.2228626310825348,-0.0941718547737098,-0.3709349632263183,0.0587349757552146,0.0486519191466259,-0.0771537646651268,0.181586280465126,21.32,926.86
bahawalnagar,2011,9,208839.93988389312,0.1400537830635467,0.0882102698087692,0.3297328054904938,0.5981006834148536,0.3689588229283744,0.9999798187725778,0.1729314655154124,0.0663066506385803,0.3876229524612427,0.1540587005419917,0.0970309885254529,0.3627053004340371,0.0127650327749071,-0.1815766096115112,0.3253949582576751,-0.0127650327749071,-0.3253949582576751,0.1815766096115112,0.0755595467114464,-0.3898038864135742,0.4416171908378601,0.0127650327749071,-0.1815766096115112,0.3253949582576751,0.9778755381484124,0.5089841485023499,1.44372296333313,16644.651155311985,8945.0,29128.5,0.1940734712086742,0.1151054000543499,0.394708361157805,-0.1604094623192341,-0.3835723996162414,0.2001149356365203,-0.0755595467114464,-0.4416171908378601,0.3898038864135742,0.0494700524111573,-0.0542512685060501,0.1639693528413772,21.32,926.86
bahawalnagar,2012,5,600864.3027791149,0.1228622266261087,0.0934605449438095,0.2394402027130127,0.6225198187860355,0.423016645049719,0.999968736322141,0.1580902190998696,0.0868917182087898,0.2652121186256408,0.1351480167417189,0.1028062441456781,0.2633834575385897,-0.0041766799301503,-0.5928784012794495,0.1917045563459396,0.0041766799301503,-0.1917045563459396,0.5928784012794495,0.0525344395939259,-0.6233991384506226,0.2736666798591614,-0.0041766799301503,-0.5928784012794495,0.1917045563459396,1.0097291560400137,0.678268313407898,3.9125373363494873,15742.078817355892,10239.5,39743.5,0.1696600466717276,0.1210353409656545,0.2918020162736452,-0.1621264693728153,-0.6896342635154724,0.0944582000374794,-0.0525344395939259,-0.2736666798591614,0.6233991384506226,0.0544093321530705,-0.0270674638450145,0.1216353476047515,25.64,1240.1
bahawalnagar,2012,6,600864.3027791149,0.1187271724248723,0.0934609025716781,0.2307775318622589,0.6316534839749932,0.4230176011613137,0.9999709226251052,0.1492711026076087,0.0853818207979202,0.2526850700378418,0.1305994940619171,0.1028066696024914,0.2538546032585668,0.0179098418926064,-0.1003654450178146,0.1714163273572921,-0.0179098418926064,-0.1714163273572921,0.1003654450178146,0.0835145624834804,-0.1963708102703094,0.2715648114681244,0.0179098418926064,-0.1003654450178146,0.1714163273572921,0.966009132770573,0.7073349356651306,1.2231249809265137,16240.131418040932,11163.0,20095.0,0.1637969794382467,0.1212569463878783,0.2773692982087587,-0.131681179479413,-0.2545136213302612,0.0466591082513332,-0.0835145624834804,-0.2715648114681244,0.1963708102703094,0.0477221349806866,-0.0168185476213693,0.1377321183681488,25.64,1240.1
bahawalnagar,2012,7,600864.3027791149,0.1317072703242846,0.0934606790542602,0.2588878571987152,0.6657357836734418,0.4230171073094868,0.9999711116246822,0.1635792272906759,0.0814639925956726,0.2927167117595672,0.1448775527952447,0.1028064100106876,0.2847758285152588,0.0232488927585198,-0.1846929341554641,0.240657553076744,-0.0232488927585198,-0.240657553076744,0.1846929341554641,0.0950073030935912,-0.3545212149620056,0.3089171946048736,0.0232488927585198,-0.1846929341554641,0.240657553076744,0.9560024390327928,0.6121305227279663,1.4530634880065918,15954.04989949548,10384.0,20178.5,0.178135147415129,0.1210975873724171,0.3112502646943159,-0.1408322160206467,-0.3326552808284759,0.1186685934662818,-0.0950073030935912,-0.3089171946048736,0.3545212149620056,0.0486293005027825,-0.0569129064679145,0.1144265830516815,25.64,1240.1
bahawalnagar,2012,8,600864.3027791149,0.1346357731520258,0.0934605970978736,0.2783229649066925,0.7023535087004612,0.4230177755665114,0.9999756903928432,0.163921524007901,0.0788750946521759,0.3161544799804687,0.1480989061712862,0.102806366665625,0.306154386637284,0.0138738036467996,-0.102060280740261,0.3129207789897918,-0.0138738036467996,-0.3129207789897918,0.102060280740261,0.0880469460585004,-0.1259409487247467,0.3752191364765167,0.0138738036467996,-0.102060280740261,0.3129207789897918,0.9755900433627834,0.5233211517333984,1.2273210287094116,16556.031966527073,9059.0,24409.0,0.1797082153158307,0.1213104403795226,0.3314382484577234,-0.1502496341793922,-0.3101686239242553,0.209833338856697,-0.0880469460585004,-0.3752191364765167,0.1259409487247467,0.0444422325245902,-0.036708977073431,0.1328196823596954,25.64,1240.1
bahawalnagar,2012,9,600864.3027791149,0.1429583736898363,0.0934608578681945,0.4573997855186462,0.648110327798228,0.4230167830709892,0.9999754185000368,0.1739967065857586,0.0616788007318973,0.4154684543609619,0.1572537246015437,0.1028065883266163,0.5031382315554594,0.0075275855027593,-0.287242978811264,0.3590879738330841,-0.0075275855027593,-0.3590879738330841,0.287242978811264,0.0739488080818589,-0.5969929099082947,0.4244004189968109,0.0075275855027593,-0.287242978811264,0.3590879738330841,0.9881839394396854,0.4715750813484192,1.806005358695984,16142.91004556411,8568.0,25769.5,0.1935163318084787,0.1212473818943448,0.5787783091220788,-0.1665844027672051,-0.466881662607193,0.246478870511055,-0.0739488080818589,-0.4244004189968109,0.5969929099082947,0.0464015673176679,-0.0558883808553218,0.1600948572158813,25.64,1240.1
bahawalnagar,2013,5,444861.97698965255,0.1246368134095151,0.1036610603332519,0.2882798910140991,0.6829504022310331,0.4467693883251094,0.9999651701438472,0.1575296164710712,0.0990095809102058,0.293485164642334,0.1371000554601741,0.1140268010216577,0.3171068341531391,-0.00017511424967573368,-0.6122961044311523,0.1474652737379074,0.00017511424967573368,-0.1474652737379074,0.6122961044311523,0.0643426168695037,-0.6179284453392029,0.2444069236516952,-0.00017511424967573368,-0.6122961044311523,0.1474652737379074,1.0014764273753252,0.7429721355438232,4.158576011657715,15657.359164900769,10709.5,39880.0,0.1683583235172163,0.1325130499627144,0.380347438752784,-0.1576558935759511,-0.7050865292549133,0.0224604383111,-0.0643426168695037,-0.2444069236516952,0.6179284453392029,0.0506245915996161,-0.0318415947258472,0.1198302209377288,24.62,1081.81
bahawalnagar,2013,6,444861.97698965255,0.1320920319530072,0.1036610677838325,0.2639830410480499,0.6856145771626108,0.4467684968579423,0.9999729334704704,0.162206729400148,0.0987903252243995,0.2844332754611969,0.145300791399641,0.1140268378720765,0.2903804080688532,0.0218359492201603,-0.1456260532140731,0.2190130054950714,-0.0218359492201603,-0.2190130054950714,0.1456260532140731,0.0930000087684723,-0.0689766779541969,0.2721472084522247,0.0218359492201603,-0.1456260532140731,0.2190130054950714,0.9582711614149236,0.6406716108322144,1.340895414352417,16055.705410253362,10233.0,21665.5,0.1772568587788833,0.1323659829801687,0.3194935859813868,-0.1408433574820647,-0.29407599568367,0.0885363817214965,-0.0930000087684723,-0.2721472084522247,0.0689766779541969,0.0459409992373568,-0.0258102938532829,0.1352175176143646,24.62,1081.81
bahawalnagar,2013,7,444861.97698965255,0.1516116083631086,0.1036613136529922,0.3197236359119415,0.7342581044654826,0.4467687192630048,0.999977533643369,0.1815407952214103,0.0878530964255333,0.3242721259593963,0.1667722678194517,0.1140270728130558,0.3516949020073717,0.0283254711381597,-0.2046852558851242,0.3234463334083557,-0.0283254711381597,-0.3234463334083557,0.2046852558851242,0.1056196260501167,-0.3702895939350128,0.4018837809562683,0.0283254711381597,-0.2046852558851242,0.3234463334083557,0.94754665028326,0.5112059712409973,1.6688899993896484,16170.76691948512,9422.0,22415.5,0.1984997580287844,0.1324395902194666,0.4729753306116752,-0.1538610288957436,-0.355778157711029,0.1842024028301239,-0.1056196260501167,-0.4018837809562683,0.3702895939350128,0.0441677055171748,-0.0420127995312213,0.1268005967140197,24.62,1081.81
bahawalnagar,2013,8,444861.97698965255,0.1573087243900175,0.1036609336733818,0.4427084922790527,0.7006367668357908,0.4467682912051959,0.9999774982561148,0.1882264873691423,0.0802657455205917,0.4158140122890472,0.1730390789550369,0.1140266814997989,0.4869778631257376,0.0264948364939722,-0.2205818891525268,0.2992382943630218,-0.0264948364939722,-0.2992382943630218,0.2205818891525268,0.0976856400696322,-0.5691556334495544,0.4114521145820617,0.0264948364939722,-0.2205818891525268,0.2992382943630218,0.9511145233360412,0.5393635034561157,1.5660167932510376,16287.57697397904,9435.0,24471.0,0.207530857176508,0.132644695851779,0.5944727179024673,-0.1624711885673702,-0.4070335924625397,0.1706299930810928,-0.0976856400696322,-0.4114521145820617,0.5691556334495544,0.0452394431967164,-0.0424184538424015,0.1435008347034454,24.62,1081.81
bahawalnagar,2013,9,444861.97698965255,0.1600310190660755,0.1036610752344131,0.4532450139522552,0.7058687941340089,0.4467682521789891,0.9999766959520868,0.19480317546994,0.0832304060459137,0.4233706593513489,0.1760335815341479,0.1140267853737852,0.4985680407807916,0.0238181322576714,-0.2114168107509613,0.2877687811851501,-0.0238181322576714,-0.2877687811851501,0.2114168107509613,0.0930927646207409,-0.4869953393936157,0.4148805737495422,0.0238181322576714,-0.2114168107509613,0.2877687811851501,0.9555855462524052,0.5530738234519958,1.5363080501556396,15931.16966273537,9164.5,21807.0,0.2105604660280856,0.1328762650995756,0.5792912458749979,-0.1717707469293485,-0.4064299464225769,0.1741444915533065,-0.0930927646207409,-0.4148805737495422,0.4869953393936157,0.0504554909509345,-0.0368966497480869,0.1998416185379028,24.62,1081.81
bahawalnagar,2014,5,498614.3103428138,0.1266123440959063,0.1000280901789665,0.3177471458911896,0.655753808743414,0.4431847461994331,0.9999721262125096,0.1578124180332618,0.0822670385241508,0.3093631863594055,0.139273134812,0.1100305545065556,0.3495207573603747,0.0067431014202,-0.5887272953987122,0.2132828384637832,-0.0067431014202,-0.2132828384637832,0.5887272953987122,0.0672175972387781,-0.6175690293312073,0.2812378406524658,0.0067431014202,-0.5887272953987122,0.2132828384637832,0.987982304672724,0.6484202742576599,3.862953186035156,15630.53159025956,10433.0,39089.0,0.1722863763679729,0.1285699599054179,0.4440744941641359,-0.1511852250866374,-0.6930390000343323,0.0906518101692199,-0.0672175972387781,-0.2812378406524658,0.6175690293312073,0.048022544240549,-0.0303325690329074,0.1053669601678848,24.75,1085.4
bahawalnagar,2014,6,498614.3103428138,0.1228492681941808,0.100028209388256,0.2435612827539444,0.6847830199084971,0.443188900631385,0.9999695363431428,0.1497637823599977,0.0903515145182609,0.270464152097702,0.1351337852001788,0.1100306885969449,0.2679166631975378,0.023726121307989,-0.1522236615419387,0.1862421929836273,-0.023726121307989,-0.1862421929836273,0.1522236615419387,0.0943348934400342,-0.2792868912220001,0.2552315294742584,0.023726121307989,-0.1522236615419387,0.1862421929836273,0.9545598730702204,0.6859963536262512,1.3591127395629885,16134.989186162844,11004.0,20105.5,0.165938753895167,0.1285587420989395,0.3194614866149353,-0.1264470058860375,-0.3393858671188354,0.0790965482592582,-0.0943348934400342,-0.2552315294742584,0.2792868912220001,0.0417917863751388,-0.0229683015495538,0.1105164438486099,24.75,1085.4
bahawalnagar,2014,7,498614.3103428138,0.1465706639237687,0.1000282168388366,0.333171397447586,0.7291250292799661,0.4431841510983371,0.9999747481124216,0.1747469842595274,0.0857036784291267,0.3265169560909271,0.1612272450259701,0.1100306502869276,0.3664874252696971,0.0364079874412646,-0.0952798575162887,0.2431017905473709,-0.0364079874412646,-0.2431017905473709,0.0952798575162887,0.1116105437709137,-0.030945386737585,0.3046378493309021,0.0364079874412646,-0.0952798575162887,0.2431017905473709,0.9312540725177424,0.6088787317276001,1.2120089530944824,15993.984274990016,10461.0,20113.0,0.1924873126783452,0.1284179597833073,0.492860057119543,-0.1391807011797956,-0.2499297261238098,0.1340641975402832,-0.1116105437709137,-0.3046378493309021,0.030945386737585,0.042075591918992,-0.0386834256350994,0.1237144917249679,24.75,1085.4
bahawalnagar,2014,8,498614.3103428138,0.1517078589468343,0.1000283360481262,0.4407997131347656,0.7175885753224966,0.4431846583808593,0.9999754607248902,0.1810076405497166,0.0809922069311142,0.4129954576492309,0.1668781480783536,0.1100308238694503,0.4848782327360448,0.0307603716353061,-0.1009363532066345,0.318876713514328,-0.0307603716353061,-0.318876713514328,0.1009363532066345,0.1057244096089417,-0.2873606979846954,0.4066454470157623,0.0307603716353061,-0.1009363532066345,0.318876713514328,0.9430010126515506,0.5164420008659363,1.224536657333374,16328.369857152304,9498.5,21975.0,0.1996480382741108,0.1283986415364143,0.5692566176349471,-0.1509785535910118,-0.2900166511535644,0.2084198296070099,-0.1057244096089417,-0.4066454470157623,0.2873606979846954,0.0433131539352294,-0.0602220371365547,0.1675775945186615,24.75,1085.4
bahawalnagar,2014,9,498614.3103428138,0.1544023673778369,0.1000283807516098,0.4866932034492492,0.685336733620455,0.4431851561735044,0.9999761484520344,0.1874348577900282,0.0880773365497589,0.4472773373126983,0.1698420865683739,0.1100307747201284,0.5353610042587299,0.0139767926519319,-0.1232685074210167,0.3042910397052765,-0.0139767926519319,-0.3042910397052765,0.1232685074210167,0.0772436246164763,-0.3923929929733276,0.4568433761596679,0.0139767926519319,-0.1232685074210167,0.3042910397052765,0.9750145645127778,0.5334000587463379,1.2812001705169678,16254.382308333288,9776.5,32160.0,0.2050507631215431,0.1284796321405411,0.6456735170628531,-0.1739264838230871,-0.3060153424739837,0.1792896836996078,-0.0772436246164763,-0.4568433761596679,0.3923929929733276,0.0485226455614311,-0.06252271682024,0.1597728729248047,24.75,1085.4
bahawalnagar,2015,5,315947.6466064409,0.1360124109170562,0.1114708855748176,0.2372160255908966,0.6785311913461918,0.4581708839793084,0.9999709648384192,0.1691537469189572,0.0904206335544586,0.2693326771259308,0.1496131655472774,0.12261760922945,0.2609368805183605,-8.716256317754464e-05,-0.6410211324691772,0.2516847550868988,8.716256317754464e-05,-0.2516847550868988,0.6410211324691772,0.0636618665725389,-0.6305078268051147,0.2825835347175598,-8.716256317754464e-05,-0.6410211324691772,0.2516847550868988,1.001684599260792,0.5978463888168335,4.571358680725098,15426.358556628797,10271.0,39634.0,0.1826980517754469,0.1411745050538802,0.2841330630021776,-0.1691701072961021,-0.7267409563064575,0.1188838481903076,-0.0636618665725389,-0.2825835347175598,0.6305078268051147,0.0500412579832702,-0.03920878469944,0.1190841272473335,24.39,1119.18
bahawalnagar,2015,6,315947.6466064409,0.137691735618697,0.1114708185195922,0.2740071415901184,0.6955690787752319,0.4581701843185942,0.999972730495487,0.1656900342700538,0.0997925475239753,0.2849422395229339,0.1514604360667451,0.1226175171439155,0.3014068032261567,0.0229624824218972,-0.2041930854320526,0.2081179916858673,-0.0229624824218972,-0.2081179916858673,0.2041930854320526,0.0913480374766404,-0.5843104124069214,0.2754881978034973,0.0229624824218972,-0.2041930854320526,0.2081179916858673,0.956146814441142,0.6554674506187439,1.5131723880767822,15646.634508147885,10831.5,20616.5,0.1835748960162928,0.141300240637989,0.4021468904777506,-0.1432415561527702,-0.3633934259414673,0.0842784866690635,-0.0913480374766404,-0.2754881978034973,0.5843104124069214,0.0423776619686823,-0.0337841548025608,0.1202088743448257,24.39,1119.18
bahawalnagar,2015,7,315947.6466064409,0.1371002262094079,0.111470803618431,0.4855678081512451,0.7800068721025166,0.4581712252438952,0.999974019900756,0.1601543834065061,0.0965253710746765,0.4369347691535949,0.1508097991949448,0.1226175097193082,0.5341230474381865,0.0363233739964187,-0.0904191359877586,0.3435434103012085,-0.0363233739964187,-0.3435434103012085,0.0904191359877586,0.1186166397859038,-0.0420110560953617,0.4390023648738861,0.0363233739964187,-0.0904191359877586,0.3435434103012085,0.9308710163847924,0.4886009395122528,1.1988149881362915,16131.531441502835,9800.5,23870.5,0.1782900250128656,0.1411720841948276,0.6216199030283761,-0.124516280043944,-0.2800116539001465,0.2064058631658554,-0.1186166397859038,-0.4390023648738861,0.0420110560953617,0.035057469530885,-0.0499568656086921,0.1067090183496475,24.39,1119.18
bahawalnagar,2015,8,315947.6466064409,0.1511897044134206,0.1114707589149475,0.4212171137332916,0.6931919115541426,0.4581708811406929,0.9999760024957404,0.1780756444858603,0.0882070586085319,0.4016648530960083,0.1663081743938813,0.1226174826306569,0.4633373172986783,0.0241871104905482,-0.0919423028826713,0.3380354940891266,-0.0241871104905482,-0.3380354940891266,0.0919423028826713,0.1015453282005323,-0.2184965461492538,0.4005434215068817,0.0241871104905482,-0.0919423028826713,0.3380354940891266,0.9557642803270114,0.4947286546230316,1.2025032043457031,16279.128269332212,8948.0,23175.0,0.2006797398775699,0.1412302648606677,0.5914281145050376,-0.1544189838693918,-0.277258962392807,0.200144812464714,-0.1015453282005323,-0.4005434215068817,0.2184965461492538,0.0398523025137817,-0.0488513335585594,0.1214360073208808,24.39,1119.18
bahawalnagar,2015,9,315947.6466064409,0.1581553696987744,0.11147091537714,0.4339841306209564,0.7121748179012896,0.4581703280168522,0.9999752113234674,0.1896960363727977,0.0890701711177825,0.4207967519760132,0.17397036605099,0.1226176279187074,0.4773809077620779,0.0218709625978179,-0.264097660779953,0.2974872887134552,-0.0218709625978179,-0.2974872887134552,0.264097660779953,0.093266601402426,-0.5551525354385376,0.404344767332077,0.0218709625978179,-0.264097660779953,0.2974872887134552,0.9595895767837582,0.5414409041404724,1.7177631855010986,15789.3741071415,9382.5,24399.5,0.2079711620841642,0.1413106354846706,0.5555292325915898,-0.1684411648275433,-0.443743884563446,0.151823416352272,-0.093266601402426,-0.404344767332077,0.5551525354385376,0.0459970697200228,-0.1101133748888969,0.1480822414159774,24.39,1119.18
bahawalnagar,2016,5,420250.75822078495,0.1419931677631422,0.000258064508670941,0.7336210012435913,0.1305197306935966,0.000230064878295654,0.8769384861642621,0.1941321676025507,-0.0670470744371414,0.6136253476142883,0.125237946473068,0.0002256410256410008,0.67544545906271,-0.0630068138135775,-0.4594218730926513,0.5264123678207397,0.0630068138135775,-0.5264123678207397,0.4594218730926513,0.0424927949470091,-0.4372870326042175,0.7578337788581848,-0.0630068138135775,-0.4594218730926513,0.5264123678207397,1.149204895903566,0.3102655710416471,5.339470366184621,0.225627666832595,0.07775,0.481775,0.172345327238454,-0.0402855685874554,0.6752379404341102,-0.2657541068545183,-0.5405608415603638,0.256907969713211,0.165318421521112,0.0217111743986606,0.7423021197319031,0.0831105000604126,-0.2343263012610221,0.2092616799851607,19.22,810.19
bahawalnagar,2016,6,420250.75822078495,0.1361011906870013,0.0002256826846860349,0.580238401889801,0.1418888607607647,0.0002215133794081534,0.7619426499506118,0.1666403287679421,-0.0391326174139976,0.5093840956687927,0.1220675269070594,0.0002025409685141197,0.5442480483134483,-0.0283571665878065,-0.273694634437561,0.3666085302829742,0.0283571665878065,-0.3666085302829742,0.273694634437561,0.1084762140085701,-0.4630618691444397,0.5966877937316895,-0.0283571665878065,-0.273694634437561,0.3666085302829742,1.0702075026537152,0.4634768740031898,2.3704008895946864,0.2335600910800815,0.10215,0.3798499999999999,0.1568716806612516,-0.0272435897435897,0.5519552124862159,-0.2066882292451486,-0.4172226786613464,0.2692656517028808,0.1781908259112981,-0.0228033419698476,0.608345627784729,0.051518994580797,-0.1393860827124812,0.2041909415523398,19.22,810.19
bahawalnagar,2016,7,420250.75822078495,0.3366932735899413,0.0001998001971514896,0.62347012758255,0.3685065447598808,0.00022024491234250065,0.795006570302234,0.2995194089975641,-0.0262489411979913,0.5338679552078247,0.3025780420003753,0.00018318068276434288,0.5812080536912753,0.1677257573504501,-0.1664863228797912,0.4396135210990906,-0.1677257573504501,-0.4396135210990906,0.1664863228797912,0.401994660722926,-0.068305529654026,0.6881970167160034,0.1677257573504501,-0.1664863228797912,0.4396135210990906,0.7220531424822803,0.389261744966443,1.399480712166172,0.1767631734896571,0.11255,0.37395,0.3239473154813005,-0.0153951419774204,0.5869106263194933,-0.1543212760785531,-0.3426990211009979,0.2907488942146301,0.3832129999657377,0.0456317365169525,0.6513914465904236,-0.038056575182508,-0.1493129770992366,0.1758241758241759,19.22,810.19
bahawalnagar,2016,8,420250.75822078495,0.4172107612429104,0.0215436816215515,0.6229226589202881,0.4753265530575305,0.0243715217808482,0.8269259023458546,0.3419374712800066,0.0,0.5230467915534973,0.3698033039105752,0.0202610587382161,0.5753167602245389,0.2181121119623719,-0.1566642969846725,0.4366288483142853,-0.2181121119623719,-0.4366288483142853,0.1566642969846725,0.4693568565573126,-0.0683210790157318,0.6581124067306519,0.2181121119623719,-0.1566642969846725,0.4366288483142853,0.6535838340081466,0.3921480144404332,1.3715348208248817,0.1585410138531037,0.08995,0.46075,0.3738103997906905,0.0279255319148936,0.5676722944921118,-0.1240901736142583,-0.3778826892375946,0.3132075369358063,0.4598226582828816,0.075933076441288,0.6564201712608337,-0.0755955200360219,-0.2155750386797317,0.1456373662017514,19.22,810.19
bahawalnagar,2016,9,420250.75822078495,0.5593441985400718,0.0288713909685611,0.7586522698402405,0.6031637947410148,0.0183150183150183,0.9979909358501148,0.4655067020838231,-0.1074681207537651,0.6462118625640869,0.4940972182562843,0.0208261617900172,0.7053552081721096,0.2777221490024233,-0.1999312937259674,0.5616651177406311,-0.2777221490024233,-0.5616651177406311,0.1999312937259674,0.5505886086019157,-0.2534188330173492,0.7926773428916931,0.2777221490024233,-0.1999312937259674,0.5616651177406311,0.579357810060433,0.2820657120052312,1.4997853155860883,0.1356579201575354,0.0565,0.3432,0.501890001599611,-0.0410958904109588,0.6980198019801981,-0.1955894270528903,-0.47829070687294,0.4817102253437042,0.5850550100105415,0.0902633890509605,0.7712599635124207,-0.0786388202727841,-0.3029563477149729,0.1799393772389088,19.22,810.19
bahawalnagar,2017,5,474607.67120948975,0.1205951222693004,0.0001806032087188214,0.6066053509712219,0.1147602082238519,0.0002097843416968291,0.71169832350346,0.1693777617091213,-0.0185988843441009,0.5288622975349426,0.1070897059850504,0.0001682729080618769,0.5519017980636238,-0.0577131692813971,-0.6443337202072144,0.3593625426292419,0.0577131692813971,-0.3593625426292419,0.6443337202072144,0.0479740197351248,-0.7279263734817505,0.5851335525512695,-0.0577131692813971,-0.6443337202072144,0.3593625426292419,1.1337379678617507,0.4712778429073856,4.623248572911261,0.2309233112388389,0.11105,0.6063000000000001,0.1523120774143965,-0.0207329842931937,0.5624284077892324,-0.2423373129145189,-0.7397985458374023,0.1981919258832931,0.1527049946404733,-0.0241479706019163,0.6254019141197205,0.0801526254995702,-0.1314533622559652,0.2076386783873902,21.27,842.05
bahawalnagar,2017,6,474607.67120948975,0.154222866207189,0.00019868864910677075,0.5777103900909424,0.1585582163798161,0.0002339838083204384,0.7163442644426008,0.1779633526986624,-0.0367529578506946,0.5035629272460938,0.138105841505491,0.00018233051549817493,0.5376284820497543,-0.002802260964022,-0.1771223843097686,0.3760288059711456,0.002802260964022,-0.3760288059711456,0.1771223843097686,0.1596910413330424,-0.3816274404525757,0.6060037612915039,-0.002802260964022,-0.1771223843097686,0.3760288059711456,1.0181508561646782,0.4534579439252336,1.440960864662698,0.2239280303514081,0.1106,0.36325,0.173963041027972,-0.0088642659279778,0.5521615324877039,-0.1982346407543622,-0.368008941411972,0.2553430795669555,0.2010302280030019,0.0428838692605495,0.609764575958252,0.0408058800899421,-0.1792035398230087,0.1885539539544612,21.27,842.05
bahawalnagar,2017,7,474607.67120948975,0.2352812405453531,0.00018406036542728543,0.7096827626228333,0.273466577916821,0.00022501237568063763,0.9988314913092166,0.2254288031138097,-0.0933333337306976,0.5869696736335754,0.2139688749454825,0.0001709933157158214,0.6694630394530694,0.0908388542254026,-0.2608000040054321,0.5890932083129883,-0.0908388542254026,-0.5890932083129883,0.2608000040054321,0.2942471013807122,-0.1499634236097335,0.7420840263366699,0.0908388542254026,-0.2608000040054321,0.5890932083129883,0.844777265891156,0.2585794094173982,1.7056277056277058,0.2158009320406326,0.06085,0.7687,0.2366834767701219,-0.0826879840119909,0.6529907667603373,-0.1515104411890214,-0.4382575154304504,0.5653753280639648,0.2868366374669651,0.0153316780924797,0.7316004037857056,-0.0069513051384974,-0.2538126361655773,0.1819739547635367,21.27,842.05
bahawalnagar,2017,8,474607.67120948975,0.4470597576656862,0.0335716046392917,0.6492893099784851,0.4891426154665778,0.0323843940839012,0.8598732250602712,0.3760847392978023,0.0632602795958519,0.544289767742157,0.3977579556896839,0.0304611172689631,0.6041698652535927,0.2149879881668695,-0.1515848487615585,0.4175306260585785,-0.2149879881668695,-0.4175306260585785,0.1515848487615585,0.4852338580744066,-0.0604578964412212,0.6785714030265808,0.2149879881668695,-0.1515848487615585,0.4175306260585785,0.651559246083482,0.4109042553191489,1.3577441241711348,0.1589477626213368,0.0924999999999999,0.336175,0.4110707580453575,0.0562948526306506,0.5981947201093343,-0.1764673701067634,-0.3480295240879059,0.2747107148170471,0.4901329468009907,0.0935463085770607,0.6825065016746521,-0.0699819646585115,-0.1916416345624062,0.1374633266313954,21.27,842.05
bahawalnagar,2017,9,474607.67120948975,0.5799394819156652,0.0005858230870217085,0.7376573085784912,0.6141388231025281,0.0003399279352777308,0.9417056304909032,0.4810775898835664,-0.1365015208721161,0.6233325600624084,0.5111679030269323,0.00040635389730329935,0.6724339011166861,0.2980341255564369,-0.3222786784172058,0.5610185861587524,-0.2980341255564369,-0.5610185861587524,0.3222786784172058,0.5666727043047868,-0.3186101019382477,0.7997439503669739,0.2980341255564369,-0.3222786784172058,0.5610185861587524,0.5510629497373247,0.281216234451356,2.1641695829687952,0.1295000168814878,0.04958,0.381025,0.5205672050243151,-0.0887946360419813,0.6696457523252225,-0.1938827224646456,-0.4931208193302154,0.5071539282798767,0.5987318657099338,0.0622876547276973,0.7494255304336548,-0.0822650912069592,-0.3240093240093241,0.1376413061349485,21.27,842.05
bahawalnagar,2018,5,558911.0873221684,0.117158530120974,0.0093451207503676,0.5449022054672241,0.1114873506831002,0.0071445100360806,0.6565985523330299,0.1734525007341214,-0.0632612183690071,0.4927736520767212,0.1041955524598456,0.0072402412020341,0.4994514714259991,-0.0705454508685844,-0.2706398069858551,0.2917128205299377,0.0705454508685844,-0.2917128205299377,0.2706398069858551,0.0258340983446722,-0.2427267730236053,0.5105885863304138,-0.0705454508685844,-0.2706398069858551,0.2917128205299377,1.1628820497491963,0.5500567047403122,2.773320615059244,0.2345421181404666,0.1029833333333333,0.3941624999999999,0.1492996107350001,-0.0433073033508419,0.5161273252540445,-0.2517201531750363,-0.4077002108097076,0.1940117180347442,0.1415199954300403,0.0476054251194,0.558594822883606,0.090097107222944,-0.1538448801339312,0.2127010134822392,18.76,866.68
bahawalnagar,2018,6,558911.0873221684,0.0927915426565095,0.0053206384181976,0.4221061170101166,0.0986520749849731,0.0057540600205358,0.5044706202984155,0.1376382722350042,0.0438502021133899,0.3863356709480285,0.0841520271685047,0.0050846417213197,0.3858393062934805,-0.0497235994050907,-0.210203155875206,0.2104851454496383,0.0497235994050907,-0.2104851454496383,0.210203155875206,0.077538248152744,-0.2131181806325912,0.4489325284957886,-0.0497235994050907,-0.210203155875206,0.2104851454496383,1.1121174989349796,0.6526531670355642,2.183703008583039,0.2695505208752107,0.150325,0.389425,0.1255352012318575,0.0341807927232902,0.4064044995492472,-0.2094552758362076,-0.3263751566410064,0.0563777685165405,0.1371734159867484,0.0401542671024799,0.4591577053070068,0.0759291446821972,-0.0868386033873656,0.1869085515501046,18.76,866.68
bahawalnagar,2018,7,558911.0873221684,0.3145721187749506,0.0084857326000928,0.6138477325439453,0.3503695932478177,0.009335486156695,0.807738316624705,0.2805074574259803,-0.0181545838713645,0.5249196887016296,0.2828146884903549,0.0079062394188444,0.5714718539231378,0.1314359624221338,-0.2016895115375518,0.4029430449008941,-0.1314359624221338,-0.4029430449008941,0.2016895115375518,0.3496603347393685,-0.1265549510717392,0.642279326915741,0.1314359624221338,-0.2016895115375518,0.4029430449008941,0.7831511247088911,0.4394031980491716,1.5060996686452597,0.1883094820559302,0.0982833333333333,0.3626,0.302706357364875,0.0032606554016723,0.5702752738646342,-0.1678061838234094,-0.3441590666770935,0.2950778603553772,0.3625705196937095,0.0346634499728679,0.6461027264595032,-0.0347235103835792,-0.2133824989437092,0.1479287550731235,18.76,866.68
bahawalnagar,2018,8,558911.0873221684,0.431903693527602,0.0529284179210662,0.6716111302375793,0.4854331181978948,0.0496136640910939,0.8372050232301396,0.3666130415965867,0.1223121359944343,0.5732691884040833,0.3867618626676455,0.0478431372549019,0.6234817813765183,0.2079596366791256,-0.1211298182606697,0.4001953899860382,-0.2079596366791256,-0.4001953899860382,0.1211298182606697,0.4670175823406667,-0.0798063799738884,0.6828885674476624,0.2079596366791256,-0.1211298182606697,0.4001953899860382,0.6619741165078024,0.4283720930232558,1.2756489493201486,0.1662012932279223,0.1009125,0.32365,0.3991148424554875,0.1030564708555845,0.6263541111703071,-0.1743102674818918,-0.3634338974952698,0.1818167865276336,0.4719951861943241,0.1130197122693061,0.6928116083145142,-0.0652011586564069,-0.1499468462027981,0.1467447468136411,18.76,866.68
bahawalnagar,2018,9,558911.0873221684,0.4889825003013184,0.047633871436119,0.7148654460906982,0.5039769001357972,0.0449323506791726,0.8601466993422562,0.419731295838217,0.0330675542354583,0.6027252674102783,0.4299794205264198,0.0430830233391722,0.6467089011176845,0.2185335638659015,-0.1896612793207168,0.506420373916626,-0.2185335638659015,-0.506420373916626,0.1896612793207168,0.4714808762382931,-0.2841247022151947,0.7242428660392761,0.2185335638659015,-0.1896612793207168,0.506420373916626,0.6576497680609407,0.3286300249198693,1.6259040473945578,0.1479958112282767,0.0662875,0.331525,0.4475965246379781,0.0515011828854794,0.6399386503208241,-0.2084484554900636,-0.4397814869880676,0.4014559984207153,0.5132602716931688,0.0844088867306709,0.7277756333351135,-0.0608270706689862,-0.2055463352456168,0.166646491688763,18.76,866.68
bahawalnagar,2019,5,538600.3382523017,0.1449413936462639,0.0224875230342149,0.6962983012199402,0.1351558967357052,0.0174983304830227,0.8389190348699572,0.1991162913389317,-0.0896949172019958,0.5951131582260132,0.1286946636435738,0.0192034006438158,0.6456893403334046,-0.0747979882744665,-0.2935078740119934,0.4383869469165802,0.0747979882744665,-0.4383869469165802,0.2935078740119934,0.0252555784441945,-0.2485157400369644,0.6712073683738708,-0.0747979882744665,-0.2935078740119934,0.4383869469165802,1.1781745761815905,0.399201337416052,2.846230078011512,0.2373016011329952,0.08675,0.3826625,0.1795535336761649,-0.0334937247227144,0.6507441529241331,-0.2882845924571313,-0.4573230445384979,0.2422684729099273,0.1669550463650633,0.0513814128935337,0.7071268558502197,0.0858207857943945,-0.2730285160523988,0.2107870609433189,16.84,686.32
bahawalnagar,2019,6,538600.3382523017,0.1703136706858302,0.0093585755676031,0.5934182405471802,0.1735544594301031,0.0095937065285173,0.7311309779471716,0.1993280848193045,-0.0329986102879047,0.5038087368011475,0.1530254576076123,0.0083215664510064,0.5403622188370709,-0.0134530391266057,-0.2174676954746246,0.408776044845581,0.0134530391266057,-0.408776044845581,0.2174676954746246,0.1224301898487072,-0.2421678304672241,0.6388328671455383,-0.0134530391266057,-0.2174676954746246,0.408776044845581,1.0409319467125755,0.4279096906959917,1.5650892814715622,0.2330413385014761,0.10484,0.364125,0.1945658700843487,0.0039481619467963,0.5440048445335517,-0.234291057005386,-0.3713947832584381,0.1504946947097778,0.2097327150219664,0.0447145141661167,0.6170638799667358,0.0480115871003464,-0.1575206736596635,0.1849192108131063,16.84,686.32
bahawalnagar,2019,7,538600.3382523017,0.2048335046429178,0.00018392495985608548,0.5819613337516785,0.2229214381549518,0.00020125583641934571,0.7719591497594884,0.2123570209378428,-0.0258353427052497,0.5067310929298401,0.1849028403097134,0.00017088705918913926,0.5437178580143234,0.0371447828977114,-0.2316848486661911,0.3717354238033294,-0.0371447828977114,-0.3717354238033294,0.2316848486661911,0.2278576338959898,-0.6321074962615967,0.6061732172966003,0.0371447828977114,-0.2316848486661911,0.3717354238033294,0.9389465433778376,0.4580071174377224,1.6030984876429364,0.2230318141038769,0.1069,0.37145,0.215037540368508,-0.0195121951219511,0.5453721022668179,-0.19097978148536,-0.4163272082805633,0.2918258309364319,0.2577672855966695,0.0402809344232082,0.6145768761634827,0.0156736596586567,-0.1597304795877923,0.2276724263646678,16.84,686.32
bahawalnagar,2019,8,538600.3382523017,0.5990299910150236,0.0849080383777618,0.768882691860199,0.6609861123052504,0.0678521291530182,0.994007354610251,0.4958357630484778,0.0703525841236114,0.6516545414924622,0.535520129000933,0.0726651480637813,0.7203972724577528,0.2896990812622954,-0.1233192235231399,0.5443118810653687,-0.2896990812622954,-0.5443118810653687,0.1233192235231399,0.5786125155617614,-0.0340394601225853,0.7891132831573486,0.2896990812622954,-0.1233192235231399,0.5443118810653687,0.5544380936596416,0.295119437064063,1.281910145419616,0.1403471702207967,0.071125,0.43915,0.5440803791582759,0.0840451237205406,0.7121199359892192,-0.2376548025235956,-0.4316642582416534,0.2926684617996216,0.6276079559611275,0.1216444969177246,0.7864140868186951,-0.0857932714137079,-0.2229656114838767,0.1389786683904331,16.84,686.32
bahawalnagar,2019,9,538600.3382523017,0.5385383997526406,0.0011467889416962,0.7313891053199768,0.5637194723537737,0.0006778282383243808,0.9060894986780972,0.4487205558208855,-0.1301563829183578,0.6134167313575745,0.4717097542905007,0.0008017492711369938,0.6677644340406733,0.2441383526261943,-0.289421796798706,0.5571616291999817,-0.2441383526261943,-0.5571616291999817,0.289421796798706,0.5291946422689882,-0.3203020393848419,0.8054638504981995,0.2441383526261943,-0.289421796798706,0.5571616291999817,0.6227975313978246,0.2843881856540084,2.135937069314311,0.1373241018984403,0.0495,0.3586,0.4814139737023623,-0.1228193701896958,0.6588553402173185,-0.2052357608149518,-0.5175874829292297,0.5946806073188782,0.5646145330692091,0.0673880949616432,0.7486635446548462,-0.0771616551118513,-0.3427619509212033,0.1654117795012527,16.84,686.32
bahawalnagar,2020,5,549870.6365242291,0.1337114244550401,0.0011534024961292,0.7031627297401428,0.1245165002522342,0.0008466444657673272,0.8282403560145504,0.1891053136532309,-0.0966999754309654,0.5899478197097778,0.1184148426750832,0.0009164121077478316,0.6408421021516987,-0.0704157495469629,-0.3693954348564148,0.4930208325386047,0.0704157495469629,-0.4930208325386047,0.3693954348564148,0.0323033990563395,-0.373170793056488,0.7450376749038696,-0.0704157495469629,-0.3693954348564148,0.4930208325386047,1.1693564968032386,0.3401373579377827,4.254979884800629,0.2344788532316348,0.0826166666666666,0.404815,0.168408582611908,-0.0287206821281997,0.6409887872474961,-0.2738276595040837,-0.4795621931552887,0.3033794164657593,0.1624318082280259,0.0122693218290805,0.7142924666404724,0.0903359339249933,-0.296356176487752,0.2117944222543945,19.05,820.7
bahawalnagar,2020,6,549870.6365242291,0.1872080763692544,0.0050909090787172,0.6604776382446289,0.1812259108281418,0.003630906274206,0.8406463975571374,0.2083959653881244,-0.0442419052124023,0.5608102083206177,0.164486920846145,0.0041066666666667,0.6156822619783584,-0.0094108990068659,-0.2263127863407135,0.4399887919425964,0.0094108990068659,-0.4399887919425964,0.2263127863407135,0.1484356001402137,-0.216986134648323,0.7009156346321106,-0.0094108990068659,-0.2263127863407135,0.4399887919425964,1.0358660835285196,0.3897154127846998,1.6091004245096865,0.2137401887413555,0.0766,0.35509,0.2061241177896543,-0.0130333868951972,0.6160963475340288,-0.2364434859515738,-0.388592779636383,0.1952179819345474,0.2339061424978767,0.0422946289181709,0.685464084148407,0.0373295086880058,-0.2018337266936849,0.1917008344042555,19.05,820.7
bahawalnagar,2020,7,549870.6365242291,0.3038413620727926,0.0099162319675087,0.726289689540863,0.3102851485087742,0.0091321740490817,0.954566040555228,0.2922751302142792,-0.0161978788673877,0.6062441468238831,0.2711305279183111,0.0091466789323995,0.6786176780605331,0.0885385453292885,-0.3215950131416321,0.4290184080600738,-0.0885385453292885,-0.4290184080600738,0.3215950131416321,0.2858736945941004,-0.3842028379440307,0.6835529804229736,0.0885385453292885,-0.3215950131416321,0.4290184080600738,0.8583540633057954,0.4005624135820757,2.6467493130746638,0.1949346361080056,0.086725,0.4168,0.3067022833698979,0.0005658028674314711,0.6754989676531316,-0.2297063316924632,-0.4768283069133758,0.3368934392929077,0.3468813999580948,0.0459060445427894,0.7458018064498901,-0.0047742816394829,-0.2517502125769533,0.1993896236012207,19.05,820.7
bahawalnagar,2020,8,549870.6365242291,0.4938399986083368,0.0109270354732871,0.7363993525505066,0.5296529793678904,0.0090489812598516,0.9555061306851906,0.4169615876836346,-0.0385517925024032,0.6153039932250977,0.440646654386093,0.0088871514203804,0.6845695426624063,0.2313508805427785,-0.1721291840076446,0.5053804516792297,-0.2313508805427785,-0.5053804516792297,0.1721291840076446,0.5027919827048051,-0.0869376808404922,0.7621099948883057,0.2313508805427785,-0.1721291840076446,0.5053804516792297,0.6365124906092604,0.3285689451755761,1.4159533072168369,0.1545517373913158,0.082,0.3651,0.4583602321644267,-0.0069252077562326,0.6793699646962976,-0.2177174190550367,-0.4434913992881775,0.3657753765583038,0.533011867950704,0.084105335175991,0.761440098285675,-0.0682319331818742,-0.2771972734154458,0.1547286821705427,19.05,820.7
bahawalnagar,2020,9,549870.6365242291,0.5733043319369128,0.0548522025346756,0.7593703866004944,0.5986542093671146,0.0400998017356635,0.9446006072885286,0.4773514079037133,-0.0562585964798927,0.6346262693405151,0.5045040396236746,0.0482644057393024,0.6940108819653589,0.259397231763289,-0.2407982349395752,0.5796588659286499,-0.259397231763289,-0.5796588659286499,0.2407982349395752,0.5414715234268953,-0.1601960062980651,0.8258201479911804,0.259397231763289,-0.2407982349395752,0.5796588659286499,0.6016422131021963,0.266317975540422,1.644143534707842,0.1354992640821832,0.04599375,0.3186625,0.5161974098254456,-0.0455217672509204,0.6809332673273405,-0.2327428151029832,-0.4646254181861877,0.5332192778587341,0.5965158897119781,0.108129858970642,0.7753047347068787,-0.0790372829123738,-0.2854622967127415,0.1448381755049894,19.05,820.7
bahawalnagar,2021,5,542568.6673451678,0.1345023879629306,0.0003895598056260496,0.637091875076294,0.1299820368256476,0.0002957879791765757,0.7651925214383836,0.181220977354277,-0.0844051465392112,0.5504974126815796,0.1197415601574747,0.0003083823941688209,0.5829499679314235,-0.0539833473956459,-0.3356572389602661,0.376805692911148,0.0539833473956459,-0.376805692911148,0.3356572389602661,0.0622906307372563,-0.3077153265476227,0.6064326167106628,-0.0539833473956459,-0.3356572389602661,0.376805692911148,1.1280400601029783,0.4531707438285516,2.8861984722935845,0.2339916161160522,0.10025,0.3743166666666667,0.1654821632938444,-0.0472605604349644,0.5874579915574182,-0.251082658508158,-0.412668377161026,0.3241639137268066,0.170568495199842,0.0092409253120422,0.651017963886261,0.0765508417604117,-0.1911263587841214,0.2045833976695581,19.62,994.03
bahawalnagar,2021,6,542568.6673451678,0.2418080838278844,0.0007704160525463521,0.625072717666626,0.2477586931683895,0.0006121074860745723,0.7773451165321738,0.2472414190666227,-0.0887407958507537,0.5404268503189087,0.2165474730350061,0.0006117908787541889,0.5759176258408922,0.0374893041104318,-0.1806516945362091,0.4011831879615783,-0.0374893041104318,-0.4011831879615783,0.1806516945362091,0.2047349515615756,-0.1262038052082061,0.6428530216217041,0.0374893041104318,-0.1806516945362091,0.4011831879615783,0.9438371612823556,0.4324983210080623,1.5005540929915162,0.214168240532703,0.1025,0.34561,0.2538167709082488,-0.0287850467289719,0.5852499212692486,-0.2332910612093578,-0.3672738075256347,0.2455516010522842,0.2813944707979507,0.0490635745227336,0.6423331499099731,0.0153853128967145,-0.2114924181963287,0.1815209621514285,19.62,994.03
bahawalnagar,2021,7,542568.6673451678,0.2718885520523434,0.0002580687578301877,0.6864615678787231,0.300617941958903,0.00024204063629188792,0.9493584493584496,0.2610741181801863,-0.0329819805920124,0.5806351900100708,0.2458460828813638,0.00022561490657845595,0.648439045062862,0.0909543797127814,-0.1568199098110199,0.4542314410209656,-0.0909543797127814,-0.4542314410209656,0.1568199098110199,0.2869307372862215,-0.1846115887165069,0.6235352754592896,0.0909543797127814,-0.1568199098110199,0.4542314410209656,0.8429814506116808,0.3752969121140142,1.4413793462874025,0.2053372001126236,0.09045,0.341275,0.2720658356831789,-0.0142019959781902,0.6378304976435818,-0.187115624950177,-0.4026881754398346,0.4257425665855407,0.316086438637202,0.0492623150348663,0.7096282839775085,-0.0092841973931807,-0.1636963696369637,0.1419589223768693,19.62,994.03
bahawalnagar,2021,8,542568.6673451678,0.5102855942515947,0.1692137122154235,0.6722238063812256,0.5533367034214516,0.1529129634854752,0.8595864541458635,0.4301583301964467,0.0900640189647674,0.5653568506240845,0.4541640245365483,0.1444267813562883,0.6201227703589577,0.2463033359398549,-0.0774903893470764,0.4938141703605652,-0.2463033359398549,-0.4938141703605652,0.0774903893470764,0.5218683385962902,-0.0330524742603302,0.7465973496437073,0.2463033359398549,-0.0774903893470764,0.4938141703605652,0.6081702396722878,0.3392684528252692,1.2196505820618704,0.1496187520147199,0.0908875,0.2854888888888889,0.4675986273029064,0.1448862789728421,0.6200799365897015,-0.2027531722775126,-0.3820156455039978,0.2550652623176574,0.5419023774738216,0.2170369774103164,0.6941781640052795,-0.0734374295430233,-0.1848085509414113,0.0875873823053553,19.62,994.03
bahawalnagar,2021,9,542568.6673451678,0.5675181560974721,0.0023576961830258,0.8017114400863647,0.530342446127391,0.0016097134710021,0.9992502945271502,0.4683259506794365,-0.1123949512839317,0.6813216805458069,0.4869779787168503,0.0019400352733686,0.7369195339984047,0.2372362197501519,-0.3507480919361114,0.5820239186286926,-0.2372362197501519,-0.5820239186286926,0.3507480919361114,0.5274807611031929,-0.6291678547859192,0.8097941875457764,0.2372362197501519,-0.3507480919361114,0.5820239186286926,0.6315457606321918,0.2655729439319088,2.080468454854553,0.1251528265897733,0.0424,0.5383,0.5082661101642891,-0.120675105485232,0.7344948371233639,-0.2423490615411282,-0.6185157895088196,0.5482295751571655,0.5931507011623036,-0.1604565232992172,0.8129870295524597,-0.082902431478208,-0.364340194365582,0.4914266117969822,19.62,994.03
